﻿<?xml version="1.0" encoding="utf-8"?>
<deployment>
  <id>0065fc64-ad80-4c26-afc3-c9e770af0a32</id>
  <author>N/A</author>
  <deployer>Push-Deployer</deployer>
  <authorEmail>N/A</authorEmail>
  <message>Created via a push deployment</message>
  <progress></progress>
  <status>Success</status>
  <statusText></statusText>
  <lastSuccessEndTime>2025-10-24T22:01:40.5857976Z</lastSuccessEndTime>
  <receivedTime>2025-10-24T22:00:41.221701Z</receivedTime>
  <startTime>2025-10-24T22:00:42.6190178Z</startTime>
  <endTime>2025-10-24T22:01:40.5857976Z</endTime>
  <complete>True</complete>
  <is_temp>False</is_temp>
  <is_readonly>True</is_readonly>
  <buildSummary />
</deployment>