﻿<?xml version="1.0" encoding="utf-8"?>
<deployment>
  <id>06ac9420-767d-4036-be21-fa8d688c14cb</id>
  <author>N/A</author>
  <deployer>Push-Deployer</deployer>
  <authorEmail>N/A</authorEmail>
  <message>Created via a push deployment</message>
  <progress></progress>
  <status>Success</status>
  <statusText></statusText>
  <lastSuccessEndTime>2025-10-24T19:03:47.0977789Z</lastSuccessEndTime>
  <receivedTime>2025-10-24T19:03:25.032923Z</receivedTime>
  <startTime>2025-10-24T19:03:26.9879511Z</startTime>
  <endTime>2025-10-24T19:03:47.0977789Z</endTime>
  <complete>True</complete>
  <is_temp>False</is_temp>
  <is_readonly>True</is_readonly>
  <buildSummary />
</deployment>