﻿<?xml version="1.0" encoding="utf-8"?>
<deployment>
  <id>36b50d6e-24cb-43e1-9911-0c2de4ec50bc</id>
  <author>N/A</author>
  <deployer>Push-Deployer</deployer>
  <authorEmail>N/A</authorEmail>
  <message>Created via a push deployment</message>
  <progress></progress>
  <status>Success</status>
  <statusText></statusText>
  <lastSuccessEndTime>2025-10-24T19:08:31.0917094Z</lastSuccessEndTime>
  <receivedTime>2025-10-24T19:08:09.5367513Z</receivedTime>
  <startTime>2025-10-24T19:08:11.178282Z</startTime>
  <endTime>2025-10-24T19:08:31.0917094Z</endTime>
  <complete>True</complete>
  <is_temp>False</is_temp>
  <is_readonly>True</is_readonly>
  <buildSummary />
</deployment>