﻿<?xml version="1.0" encoding="utf-8"?>
<deployment>
  <id>9751ea01-da6a-4a86-ba3f-0e2eee3ad0a9</id>
  <author>N/A</author>
  <deployer>Push-Deployer</deployer>
  <authorEmail>N/A</authorEmail>
  <message>Created via a push deployment</message>
  <progress></progress>
  <status>Success</status>
  <statusText></statusText>
  <lastSuccessEndTime>2025-10-24T17:59:39.1294725Z</lastSuccessEndTime>
  <receivedTime>2025-10-24T17:59:16.3821789Z</receivedTime>
  <startTime>2025-10-24T17:59:17.7298898Z</startTime>
  <endTime>2025-10-24T17:59:39.1294725Z</endTime>
  <complete>True</complete>
  <is_temp>False</is_temp>
  <is_readonly>True</is_readonly>
  <buildSummary />
</deployment>