﻿<?xml version="1.0" encoding="utf-8"?>
<deployment>
  <id>80531821-220b-40dc-9025-aadcfe0ec7e9</id>
  <author>N/A</author>
  <deployer>OneDeploy</deployer>
  <authorEmail>N/A</authorEmail>
  <message>OneDeploy</message>
  <progress></progress>
  <status>Success</status>
  <statusText></statusText>
  <lastSuccessEndTime>2025-10-24T21:54:20.9915868Z</lastSuccessEndTime>
  <receivedTime>2025-10-24T21:52:57.3532856Z</receivedTime>
  <startTime>2025-10-24T21:52:58.7606859Z</startTime>
  <endTime>2025-10-24T21:54:20.9915868Z</endTime>
  <complete>True</complete>
  <is_temp>False</is_temp>
  <is_readonly>True</is_readonly>
  <buildSummary />
</deployment>