"UserPrincipalName","DisplayName","ImageFileName","BlobName","BlobUrl","Category","UploadDate"
"lobral_icloud.com#ext#@lobralicloud.onmicrosoft.com","Allen Long","lobral_personal.jpg","profile_lobral_personal.jpg","https://profilepicsto7826.blob.core.windows.net/profile-photos/profile_lobral_personal.jpg","human","2025-10-24 11:52:51"
"testuser001@lobralicloud.onmicrosoft.com","Jonathan White","animal_19.jpg","profile_animal_19.jpg","https://profilepicsto7826.blob.core.windows.net/profile-photos/profile_animal_19.jpg","animal","2025-10-24 11:52:53"
"testuser002@lobralicloud.onmicrosoft.com","Anna Clark","animal_05.jpg","profile_animal_05.jpg","https://profilepicsto7826.blob.core.windows.net/profile-photos/profile_animal_05.jpg","animal","2025-10-24 11:52:55"
"testuser003@lobralicloud.onmicrosoft.com","Jason Jones","human_042.jpg","profile_human_042.jpg","https://profilepicsto7826.blob.core.windows.net/profile-photos/profile_human_042.jpg","human","2025-10-24 11:52:58"
"testuser004@lobralicloud.onmicrosoft.com","Ashley Lewis","human_036.jpg","profile_human_036.jpg","https://profilepicsto7826.blob.core.windows.net/profile-photos/profile_human_036.jpg","human","2025-10-24 11:53:00"
"testuser005@lobralicloud.onmicrosoft.com","Andrew Smith","avatar_19.jpg","profile_avatar_19.jpg","https://profilepicsto7826.blob.core.windows.net/profile-photos/profile_avatar_19.jpg","avatar","2025-10-24 11:53:03"
"testuser006@lobralicloud.onmicrosoft.com","William Scott","human_022.jpg","profile_human_022.jpg","https://profilepicsto7826.blob.core.windows.net/profile-photos/profile_human_022.jpg","human","2025-10-24 11:53:05"
"testuser007@lobralicloud.onmicrosoft.com","Jason Taylor","human_008.jpg","profile_human_008.jpg","https://profilepicsto7826.blob.core.windows.net/profile-photos/profile_human_008.jpg","human","2025-10-24 11:53:07"
"testuser008@lobralicloud.onmicrosoft.com","Donald Lopez","human_034.jpg","profile_human_034.jpg","https://profilepicsto7826.blob.core.windows.net/profile-photos/profile_human_034.jpg","human","2025-10-24 11:53:10"
"testuser009@lobralicloud.onmicrosoft.com","Michelle Hernandez","human_032.jpg","profile_human_032.jpg","https://profilepicsto7826.blob.core.windows.net/profile-photos/profile_human_032.jpg","human","2025-10-24 11:53:12"
"testuser010@lobralicloud.onmicrosoft.com","Deborah Hill","human_040.jpg","profile_human_040.jpg","https://profilepicsto7826.blob.core.windows.net/profile-photos/profile_human_040.jpg","human","2025-10-24 11:53:14"
"testuser011@lobralicloud.onmicrosoft.com","Steven Miller","animal_13.jpg","profile_animal_13.jpg","https://profilepicsto7826.blob.core.windows.net/profile-photos/profile_animal_13.jpg","animal","2025-10-24 11:53:16"
"testuser012@lobralicloud.onmicrosoft.com","Melissa Adams","avatar_25.jpg","profile_avatar_25.jpg","https://profilepicsto7826.blob.core.windows.net/profile-photos/profile_avatar_25.jpg","avatar","2025-10-24 11:53:18"
"testuser013@lobralicloud.onmicrosoft.com","Gary Smith","human_013.jpg","profile_human_013.jpg","https://profilepicsto7826.blob.core.windows.net/profile-photos/profile_human_013.jpg","human","2025-10-24 11:53:20"
"testuser014@lobralicloud.onmicrosoft.com","Dorothy Baker","avatar_20.jpg","profile_avatar_20.jpg","https://profilepicsto7826.blob.core.windows.net/profile-photos/profile_avatar_20.jpg","avatar","2025-10-24 11:53:23"
"testuser015@lobralicloud.onmicrosoft.com","Sandra Mitchell","animal_02.jpg","profile_animal_02.jpg","https://profilepicsto7826.blob.core.windows.net/profile-photos/profile_animal_02.jpg","animal","2025-10-24 11:53:25"
"testuser016@lobralicloud.onmicrosoft.com","Barbara Parker","human_019.jpg","profile_human_019.jpg","https://profilepicsto7826.blob.core.windows.net/profile-photos/profile_human_019.jpg","human","2025-10-24 11:53:27"
"testuser017@lobralicloud.onmicrosoft.com","George Roberts","human_003.jpg","profile_human_003.jpg","https://profilepicsto7826.blob.core.windows.net/profile-photos/profile_human_003.jpg","human","2025-10-24 11:53:30"
"testuser018@lobralicloud.onmicrosoft.com","Anna Wright","human_020.jpg","profile_human_020.jpg","https://profilepicsto7826.blob.core.windows.net/profile-photos/profile_human_020.jpg","human","2025-10-24 11:53:32"
"testuser019@lobralicloud.onmicrosoft.com","Laura Morris","human_009.jpg","profile_human_009.jpg","https://profilepicsto7826.blob.core.windows.net/profile-photos/profile_human_009.jpg","human","2025-10-24 11:53:35"
"testuser020@lobralicloud.onmicrosoft.com","Joseph Taylor","animal_17.jpg","profile_animal_17.jpg","https://profilepicsto7826.blob.core.windows.net/profile-photos/profile_animal_17.jpg","animal","2025-10-24 11:53:37"
"testuser021@lobralicloud.onmicrosoft.com","Shirley Anderson","avatar_10.jpg","profile_avatar_10.jpg","https://profilepicsto7826.blob.core.windows.net/profile-photos/profile_avatar_10.jpg","avatar","2025-10-24 11:53:39"
"testuser022@lobralicloud.onmicrosoft.com","Melissa Sanchez","human_033.jpg","profile_human_033.jpg","https://profilepicsto7826.blob.core.windows.net/profile-photos/profile_human_033.jpg","human","2025-10-24 11:53:42"
"testuser023@lobralicloud.onmicrosoft.com","Kevin Wright","human_021.jpg","profile_human_021.jpg","https://profilepicsto7826.blob.core.windows.net/profile-photos/profile_human_021.jpg","human","2025-10-24 11:53:44"
"testuser024@lobralicloud.onmicrosoft.com","Gary Lee","human_015.jpg","profile_human_015.jpg","https://profilepicsto7826.blob.core.windows.net/profile-photos/profile_human_015.jpg","human","2025-10-24 11:53:46"
"testuser025@lobralicloud.onmicrosoft.com","Thomas Clark","animal_03.jpg","profile_animal_03.jpg","https://profilepicsto7826.blob.core.windows.net/profile-photos/profile_animal_03.jpg","animal","2025-10-24 11:53:49"
"testuser026@lobralicloud.onmicrosoft.com","Joseph Turner","animal_16.jpg","profile_animal_16.jpg","https://profilepicsto7826.blob.core.windows.net/profile-photos/profile_animal_16.jpg","animal","2025-10-24 11:53:51"
"testuser027@lobralicloud.onmicrosoft.com","Mary Rodriguez","avatar_08.jpg","profile_avatar_08.jpg","https://profilepicsto7826.blob.core.windows.net/profile-photos/profile_avatar_08.jpg","avatar","2025-10-24 11:53:53"
"testuser028@lobralicloud.onmicrosoft.com","Carol Johnson","animal_23.jpg","profile_animal_23.jpg","https://profilepicsto7826.blob.core.windows.net/profile-photos/profile_animal_23.jpg","animal","2025-10-24 11:53:55"
"testuser029@lobralicloud.onmicrosoft.com","John Davis","human_02.jpg","profile_human_02.jpg","https://profilepicsto7826.blob.core.windows.net/profile-photos/profile_human_02.jpg","human","2025-10-24 11:53:59"
"testuser030@lobralicloud.onmicrosoft.com","Jessica Smith","human_014.jpg","profile_human_014.jpg","https://profilepicsto7826.blob.core.windows.net/profile-photos/profile_human_014.jpg","human","2025-10-24 11:54:01"
"testuser031@lobralicloud.onmicrosoft.com","Jessica Hernandez","avatar_06.jpg","profile_avatar_06.jpg","https://profilepicsto7826.blob.core.windows.net/profile-photos/profile_avatar_06.jpg","avatar","2025-10-24 11:54:04"
"testuser032@lobralicloud.onmicrosoft.com","Amy Green","animal_07.jpg","profile_animal_07.jpg","https://profilepicsto7826.blob.core.windows.net/profile-photos/profile_animal_07.jpg","animal","2025-10-24 11:54:06"
"testuser033@lobralicloud.onmicrosoft.com","Timothy Sanchez","avatar_16.jpg","profile_avatar_16.jpg","https://profilepicsto7826.blob.core.windows.net/profile-photos/profile_avatar_16.jpg","avatar","2025-10-24 11:54:08"
"testuser034@lobralicloud.onmicrosoft.com","Donald Brown","animal_24.jpg","profile_animal_24.jpg","https://profilepicsto7826.blob.core.windows.net/profile-photos/profile_animal_24.jpg","animal","2025-10-24 11:54:10"
"testuser035@lobralicloud.onmicrosoft.com","Gary Parker","animal_06.jpg","profile_animal_06.jpg","https://profilepicsto7826.blob.core.windows.net/profile-photos/profile_animal_06.jpg","animal","2025-10-24 11:54:13"
"testuser036@lobralicloud.onmicrosoft.com","Kenneth Campbell","avatar_01.jpg","profile_avatar_01.jpg","https://profilepicsto7826.blob.core.windows.net/profile-photos/profile_avatar_01.jpg","avatar","2025-10-24 11:54:15"
"testuser037@lobralicloud.onmicrosoft.com","Mary Harris","avatar_09.jpg","profile_avatar_09.jpg","https://profilepicsto7826.blob.core.windows.net/profile-photos/profile_avatar_09.jpg","avatar","2025-10-24 11:54:17"
"testuser038@lobralicloud.onmicrosoft.com","Jessica Baker","human_026.jpg","profile_human_026.jpg","https://profilepicsto7826.blob.core.windows.net/profile-photos/profile_human_026.jpg","human","2025-10-24 11:54:19"
"testuser039@lobralicloud.onmicrosoft.com","Deborah Hernandez","human_007.jpg","profile_human_007.jpg","https://profilepicsto7826.blob.core.windows.net/profile-photos/profile_human_007.jpg","human","2025-10-24 11:54:22"
"testuser040@lobralicloud.onmicrosoft.com","Helen Thomas","animal_18.jpg","profile_animal_18.jpg","https://profilepicsto7826.blob.core.windows.net/profile-photos/profile_animal_18.jpg","animal","2025-10-24 11:54:24"
"testuser041@lobralicloud.onmicrosoft.com","Rebecca Brown","animal_11.jpg","profile_animal_11.jpg","https://profilepicsto7826.blob.core.windows.net/profile-photos/profile_animal_11.jpg","animal","2025-10-24 11:54:26"
"testuser042@lobralicloud.onmicrosoft.com","Joseph Walker","human_038.jpg","profile_human_038.jpg","https://profilepicsto7826.blob.core.windows.net/profile-photos/profile_human_038.jpg","human","2025-10-24 11:54:29"
"testuser043@lobralicloud.onmicrosoft.com","Kathleen Rivera","human_037.jpg","profile_human_037.jpg","https://profilepicsto7826.blob.core.windows.net/profile-photos/profile_human_037.jpg","human","2025-10-24 11:54:31"
"testuser044@lobralicloud.onmicrosoft.com","Nicholas Ramirez","human_005.jpg","profile_human_005.jpg","https://profilepicsto7826.blob.core.windows.net/profile-photos/profile_human_005.jpg","human","2025-10-24 11:54:33"
"testuser045@lobralicloud.onmicrosoft.com","Emily Diaz","human_010.jpg","profile_human_010.jpg","https://profilepicsto7826.blob.core.windows.net/profile-photos/profile_human_010.jpg","human","2025-10-24 11:54:35"
"testuser046@lobralicloud.onmicrosoft.com","Sharon Brown","human_031.jpg","profile_human_031.jpg","https://profilepicsto7826.blob.core.windows.net/profile-photos/profile_human_031.jpg","human","2025-10-24 11:54:37"
"testuser047@lobralicloud.onmicrosoft.com","Jennifer Reyes","human_012.jpg","profile_human_012.jpg","https://profilepicsto7826.blob.core.windows.net/profile-photos/profile_human_012.jpg","human","2025-10-24 11:54:39"
"testuser048@lobralicloud.onmicrosoft.com","Nancy Hernandez","human_01.jpg","profile_human_01.jpg","https://profilepicsto7826.blob.core.windows.net/profile-photos/profile_human_01.jpg","human","2025-10-24 11:54:42"
"testuser049@lobralicloud.onmicrosoft.com","Jennifer Wilson","avatar_15.jpg","profile_avatar_15.jpg","https://profilepicsto7826.blob.core.windows.net/profile-photos/profile_avatar_15.jpg","avatar","2025-10-24 11:54:44"
"testuser050@lobralicloud.onmicrosoft.com","David Gonzalez","avatar_23.jpg","profile_avatar_23.jpg","https://profilepicsto7826.blob.core.windows.net/profile-photos/profile_avatar_23.jpg","avatar","2025-10-24 11:54:46"
"testuser051@lobralicloud.onmicrosoft.com","Stephanie Wilson","human_018.jpg","profile_human_018.jpg","https://profilepicsto7826.blob.core.windows.net/profile-photos/profile_human_018.jpg","human","2025-10-24 11:54:48"
"testuser052@lobralicloud.onmicrosoft.com","Michelle Nelson","animal_22.jpg","profile_animal_22.jpg","https://profilepicsto7826.blob.core.windows.net/profile-photos/profile_animal_22.jpg","animal","2025-10-24 11:54:50"
"testuser053@lobralicloud.onmicrosoft.com","Betty Robinson","animal_14.jpg","profile_animal_14.jpg","https://profilepicsto7826.blob.core.windows.net/profile-photos/profile_animal_14.jpg","animal","2025-10-24 11:54:53"
"testuser054@lobralicloud.onmicrosoft.com","Andrew Hill","human_004.jpg","profile_human_004.jpg","https://profilepicsto7826.blob.core.windows.net/profile-photos/profile_human_004.jpg","human","2025-10-24 11:54:55"
"testuser055@lobralicloud.onmicrosoft.com","Stephanie Jones","animal_12.jpg","profile_animal_12.jpg","https://profilepicsto7826.blob.core.windows.net/profile-photos/profile_animal_12.jpg","animal","2025-10-24 11:54:57"
"testuser056@lobralicloud.onmicrosoft.com","Kenneth White","human_024.jpg","profile_human_024.jpg","https://profilepicsto7826.blob.core.windows.net/profile-photos/profile_human_024.jpg","human","2025-10-24 11:54:59"
"testuser057@lobralicloud.onmicrosoft.com","Michael Lopez","animal_21.jpg","profile_animal_21.jpg","https://profilepicsto7826.blob.core.windows.net/profile-photos/profile_animal_21.jpg","animal","2025-10-24 11:55:02"
"testuser058@lobralicloud.onmicrosoft.com","Susan Sanchez","human_001.jpg","profile_human_001.jpg","https://profilepicsto7826.blob.core.windows.net/profile-photos/profile_human_001.jpg","human","2025-10-24 11:55:04"
"testuser059@lobralicloud.onmicrosoft.com","Lisa Wright","human_04.jpg","profile_human_04.jpg","https://profilepicsto7826.blob.core.windows.net/profile-photos/profile_human_04.jpg","human","2025-10-24 11:55:06"
"testuser060@lobralicloud.onmicrosoft.com","Sandra Murphy","human_025.jpg","profile_human_025.jpg","https://profilepicsto7826.blob.core.windows.net/profile-photos/profile_human_025.jpg","human","2025-10-24 11:55:08"
"testuser061@lobralicloud.onmicrosoft.com","Sarah Roberts","animal_25.jpg","profile_animal_25.jpg","https://profilepicsto7826.blob.core.windows.net/profile-photos/profile_animal_25.jpg","animal","2025-10-24 11:55:11"
"testuser062@lobralicloud.onmicrosoft.com","Rebecca Stewart","animal_20.jpg","profile_animal_20.jpg","https://profilepicsto7826.blob.core.windows.net/profile-photos/profile_animal_20.jpg","animal","2025-10-24 11:55:13"
"testuser063@lobralicloud.onmicrosoft.com","George Robinson","human_041.jpg","profile_human_041.jpg","https://profilepicsto7826.blob.core.windows.net/profile-photos/profile_human_041.jpg","human","2025-10-24 11:55:15"
"testuser064@lobralicloud.onmicrosoft.com","James Williams","human_011.jpg","profile_human_011.jpg","https://profilepicsto7826.blob.core.windows.net/profile-photos/profile_human_011.jpg","human","2025-10-24 11:55:17"
"testuser065@lobralicloud.onmicrosoft.com","David Martin","avatar_11.jpg","profile_avatar_11.jpg","https://profilepicsto7826.blob.core.windows.net/profile-photos/profile_avatar_11.jpg","avatar","2025-10-24 11:55:19"
"testuser066@lobralicloud.onmicrosoft.com","Jessica Lewis","avatar_17.jpg","profile_avatar_17.jpg","https://profilepicsto7826.blob.core.windows.net/profile-photos/profile_avatar_17.jpg","avatar","2025-10-24 11:55:21"
"testuser067@lobralicloud.onmicrosoft.com","George Johnson","avatar_22.jpg","profile_avatar_22.jpg","https://profilepicsto7826.blob.core.windows.net/profile-photos/profile_avatar_22.jpg","avatar","2025-10-24 11:55:23"
"testuser068@lobralicloud.onmicrosoft.com","Rebecca White","human_002.jpg","profile_human_002.jpg","https://profilepicsto7826.blob.core.windows.net/profile-photos/profile_human_002.jpg","human","2025-10-24 11:55:26"
"testuser069@lobralicloud.onmicrosoft.com","Daniel Sanchez","avatar_12.jpg","profile_avatar_12.jpg","https://profilepicsto7826.blob.core.windows.net/profile-photos/profile_avatar_12.jpg","avatar","2025-10-24 11:55:28"
"testuser070@lobralicloud.onmicrosoft.com","Margaret Walker","animal_04.jpg","profile_animal_04.jpg","https://profilepicsto7826.blob.core.windows.net/profile-photos/profile_animal_04.jpg","animal","2025-10-24 11:55:30"
"testuser071@lobralicloud.onmicrosoft.com","Michelle Thomas","human_047.jpg","profile_human_047.jpg","https://profilepicsto7826.blob.core.windows.net/profile-photos/profile_human_047.jpg","human","2025-10-24 11:55:32"
"testuser072@lobralicloud.onmicrosoft.com","Christopher Parker","animal_01.jpg","profile_animal_01.jpg","https://profilepicsto7826.blob.core.windows.net/profile-photos/profile_animal_01.jpg","animal","2025-10-24 11:55:34"
"testuser073@lobralicloud.onmicrosoft.com","Linda Anderson","human_027.jpg","profile_human_027.jpg","https://profilepicsto7826.blob.core.windows.net/profile-photos/profile_human_027.jpg","human","2025-10-24 11:55:36"
"testuser074@lobralicloud.onmicrosoft.com","Sandra Harris","human_035.jpg","profile_human_035.jpg","https://profilepicsto7826.blob.core.windows.net/profile-photos/profile_human_035.jpg","human","2025-10-24 11:55:38"
"testuser075@lobralicloud.onmicrosoft.com","Sarah Nelson","human_017.jpg","profile_human_017.jpg","https://profilepicsto7826.blob.core.windows.net/profile-photos/profile_human_017.jpg","human","2025-10-24 11:55:41"
"testuser076@lobralicloud.onmicrosoft.com","Melissa Hernandez","animal_08.jpg","profile_animal_08.jpg","https://profilepicsto7826.blob.core.windows.net/profile-photos/profile_animal_08.jpg","animal","2025-10-24 11:55:43"
"testuser077@lobralicloud.onmicrosoft.com","Joseph Anderson","avatar_21.jpg","profile_avatar_21.jpg","https://profilepicsto7826.blob.core.windows.net/profile-photos/profile_avatar_21.jpg","avatar","2025-10-24 11:55:45"
"testuser078@lobralicloud.onmicrosoft.com","Melissa Sanchez","human_045.jpg","profile_human_045.jpg","https://profilepicsto7826.blob.core.windows.net/profile-photos/profile_human_045.jpg","human","2025-10-24 11:55:47"
"testuser079@lobralicloud.onmicrosoft.com","Brian Garcia","avatar_13.jpg","profile_avatar_13.jpg","https://profilepicsto7826.blob.core.windows.net/profile-photos/profile_avatar_13.jpg","avatar","2025-10-24 11:55:49"
"testuser080@lobralicloud.onmicrosoft.com","Barbara Allen","avatar_18.jpg","profile_avatar_18.jpg","https://profilepicsto7826.blob.core.windows.net/profile-photos/profile_avatar_18.jpg","avatar","2025-10-24 11:55:51"
"testuser081@lobralicloud.onmicrosoft.com","Dorothy Thompson","animal_10.jpg","profile_animal_10.jpg","https://profilepicsto7826.blob.core.windows.net/profile-photos/profile_animal_10.jpg","animal","2025-10-24 11:55:54"
"testuser082@lobralicloud.onmicrosoft.com","William Reyes","avatar_03.jpg","profile_avatar_03.jpg","https://profilepicsto7826.blob.core.windows.net/profile-photos/profile_avatar_03.jpg","avatar","2025-10-24 11:55:56"
"testuser083@lobralicloud.onmicrosoft.com","Matthew Scott","avatar_07.jpg","profile_avatar_07.jpg","https://profilepicsto7826.blob.core.windows.net/profile-photos/profile_avatar_07.jpg","avatar","2025-10-24 11:55:57"
"testuser084@lobralicloud.onmicrosoft.com","Angela Diaz","human_030.jpg","profile_human_030.jpg","https://profilepicsto7826.blob.core.windows.net/profile-photos/profile_human_030.jpg","human","2025-10-24 11:56:00"
"testuser085@lobralicloud.onmicrosoft.com","Jason Scott","human_028.jpg","profile_human_028.jpg","https://profilepicsto7826.blob.core.windows.net/profile-photos/profile_human_028.jpg","human","2025-10-24 11:56:02"
"testuser086@lobralicloud.onmicrosoft.com","David Perez","human_023.jpg","profile_human_023.jpg","https://profilepicsto7826.blob.core.windows.net/profile-photos/profile_human_023.jpg","human","2025-10-24 11:56:04"
"testuser087@lobralicloud.onmicrosoft.com","Kenneth King","avatar_05.jpg","profile_avatar_05.jpg","https://profilepicsto7826.blob.core.windows.net/profile-photos/profile_avatar_05.jpg","avatar","2025-10-24 11:56:06"
"testuser088@lobralicloud.onmicrosoft.com","James Carter","human_044.jpg","profile_human_044.jpg","https://profilepicsto7826.blob.core.windows.net/profile-photos/profile_human_044.jpg","human","2025-10-24 11:56:08"
"testuser089@lobralicloud.onmicrosoft.com","Sarah Rodriguez","avatar_02.jpg","profile_avatar_02.jpg","https://profilepicsto7826.blob.core.windows.net/profile-photos/profile_avatar_02.jpg","avatar","2025-10-24 11:56:10"
"testuser090@lobralicloud.onmicrosoft.com","Anna White","human_016.jpg","profile_human_016.jpg","https://profilepicsto7826.blob.core.windows.net/profile-photos/profile_human_016.jpg","human","2025-10-24 11:56:13"
"testuser091@lobralicloud.onmicrosoft.com","Kimberly Perez","animal_15.jpg","profile_animal_15.jpg","https://profilepicsto7826.blob.core.windows.net/profile-photos/profile_animal_15.jpg","animal","2025-10-24 11:56:15"
"testuser092@lobralicloud.onmicrosoft.com","Anthony Nguyen","human_043.jpg","profile_human_043.jpg","https://profilepicsto7826.blob.core.windows.net/profile-photos/profile_human_043.jpg","human","2025-10-24 11:56:17"
"testuser093@lobralicloud.onmicrosoft.com","Timothy Roberts","human_046.jpg","profile_human_046.jpg","https://profilepicsto7826.blob.core.windows.net/profile-photos/profile_human_046.jpg","human","2025-10-24 11:56:19"
"testuser094@lobralicloud.onmicrosoft.com","Michael Clark","avatar_24.jpg","profile_avatar_24.jpg","https://profilepicsto7826.blob.core.windows.net/profile-photos/profile_avatar_24.jpg","avatar","2025-10-24 11:56:21"
"testuser095@lobralicloud.onmicrosoft.com","Melissa Miller","animal_09.jpg","profile_animal_09.jpg","https://profilepicsto7826.blob.core.windows.net/profile-photos/profile_animal_09.jpg","animal","2025-10-24 11:56:23"
"testuser096@lobralicloud.onmicrosoft.com","Christopher Miller","avatar_04.jpg","profile_avatar_04.jpg","https://profilepicsto7826.blob.core.windows.net/profile-photos/profile_avatar_04.jpg","avatar","2025-10-24 11:56:25"
"testuser097@lobralicloud.onmicrosoft.com","Stephanie Harris","human_029.jpg","profile_human_029.jpg","https://profilepicsto7826.blob.core.windows.net/profile-photos/profile_human_029.jpg","human","2025-10-24 11:56:28"
"testuser098@lobralicloud.onmicrosoft.com","James Thomas","human_006.jpg","profile_human_006.jpg","https://profilepicsto7826.blob.core.windows.net/profile-photos/profile_human_006.jpg","human","2025-10-24 11:56:30"
"testuser099@lobralicloud.onmicrosoft.com","Angela Ramirez","human_039.jpg","profile_human_039.jpg","https://profilepicsto7826.blob.core.windows.net/profile-photos/profile_human_039.jpg","human","2025-10-24 11:57:52"
"testuser100@lobralicloud.onmicrosoft.com","Robert Smith","avatar_01.jpg","profile_avatar_01.jpg","https://profilepicsto7826.blob.core.windows.net/profile-photos/profile_avatar_01.jpg","avatar","2025-10-24 11:58:44"
"testuser101@lobralicloud.onmicrosoft.com","John Jones","","","","no-picture","2025-10-24 12:02:48"
"testuser102@lobralicloud.onmicrosoft.com","Emma Davis","","","","no-picture","2025-10-24 12:02:48"
"testuser103@lobralicloud.onmicrosoft.com","Michael Davis","","","","no-picture","2025-10-24 12:02:48"
"testuser104@lobralicloud.onmicrosoft.com","Sophia Jones","","","","no-picture","2025-10-24 12:02:48"
"testuser105@lobralicloud.onmicrosoft.com","William Martinez","","","","no-picture","2025-10-24 12:02:48"
"testuser106@lobralicloud.onmicrosoft.com","Olivia Garcia","","","","no-picture","2025-10-24 12:02:48"
"testuser107@lobralicloud.onmicrosoft.com","James Martinez","","","","no-picture","2025-10-24 12:02:48"
"testuser108@lobralicloud.onmicrosoft.com","Ava Jones","","","","no-picture","2025-10-24 12:02:48"
"testuser109@lobralicloud.onmicrosoft.com","Robert Smith","","","","no-picture","2025-10-24 12:02:48"
"testuser110@lobralicloud.onmicrosoft.com","Isabella Jones","","","","no-picture","2025-10-24 12:02:48"
"testuser111@lobralicloud.onmicrosoft.com","David Smith","","","","no-picture","2025-10-24 12:02:48"
"testuser112@lobralicloud.onmicrosoft.com","Mia Williams","","","","no-picture","2025-10-24 12:02:48"
"testuser113@lobralicloud.onmicrosoft.com","Richard Garcia","","","","no-picture","2025-10-24 12:02:48"
"testuser114@lobralicloud.onmicrosoft.com","Charlotte Williams","","","","no-picture","2025-10-24 12:02:48"
"testuser115@lobralicloud.onmicrosoft.com","Joseph Davis","","","","no-picture","2025-10-24 12:02:48"
"testuser116@lobralicloud.onmicrosoft.com","Amelia Johnson","","","","no-picture","2025-10-24 12:02:48"
"testuser117@lobralicloud.onmicrosoft.com","Thomas Miller","","","","no-picture","2025-10-24 12:02:48"
"testuser118@lobralicloud.onmicrosoft.com","Harper Brown","","","","no-picture","2025-10-24 12:02:48"
"testuser119@lobralicloud.onmicrosoft.com","Charles Martinez","","","","no-picture","2025-10-24 12:02:48"
"testuser120@lobralicloud.onmicrosoft.com","Evelyn Davis","","","","no-picture","2025-10-24 12:02:48"
