﻿<?xml version="1.0" encoding="utf-8"?>
<deployment>
  <id>0d75997d-d1a3-49ff-9e49-e21c720f0c5b</id>
  <author>N/A</author>
  <deployer>Push-Deployer</deployer>
  <authorEmail>N/A</authorEmail>
  <message>Created via a push deployment</message>
  <progress></progress>
  <status>Success</status>
  <statusText></statusText>
  <lastSuccessEndTime>2025-10-24T17:53:20.372961Z</lastSuccessEndTime>
  <receivedTime>2025-10-24T17:52:50.5823241Z</receivedTime>
  <startTime>2025-10-24T17:52:51.9942336Z</startTime>
  <endTime>2025-10-24T17:53:20.372961Z</endTime>
  <complete>True</complete>
  <is_temp>False</is_temp>
  <is_readonly>True</is_readonly>
  <buildSummary />
</deployment>