﻿<?xml version="1.0" encoding="utf-8"?>
<deployment>
  <id>06c01bf5-6aba-4d90-91e3-20720e9aaaf4</id>
  <author>N/A</author>
  <deployer>OneDeploy</deployer>
  <authorEmail>N/A</authorEmail>
  <message>OneDeploy</message>
  <progress></progress>
  <status>Success</status>
  <statusText></statusText>
  <lastSuccessEndTime>2025-10-24T21:59:59.8254249Z</lastSuccessEndTime>
  <receivedTime>2025-10-24T21:58:52.2415482Z</receivedTime>
  <startTime>2025-10-24T21:58:53.631951Z</startTime>
  <endTime>2025-10-24T21:59:59.8254249Z</endTime>
  <complete>True</complete>
  <is_temp>False</is_temp>
  <is_readonly>True</is_readonly>
  <buildSummary />
</deployment>