<step title="BackgroundTrace" date="2025-10-26T17:32:10.477" instance="ee0035" url="/api/zipdeploy" method="POST" >
  <step title="Cleanup Xml Logs" date="2025-10-26T17:32:10.480" /><!-- duration: 9ms -->
  <step title="Creating temporary deployment - FetchDeploymentManager" date="2025-10-26T17:32:10.569" /><!-- duration: 3ms -->
  <step title="Creating temporary deployment" date="2025-10-26T17:32:10.590" /><!-- duration: 104ms -->
  <step title="Performing fetch based deployment" date="2025-10-26T17:32:10.780" >
    <step title="Cleaning up temp folders from previous zip deployments and extracting pushed zip file /tmp/zipdeploy/77df23f7-661f-425d-9814-105d6a786fd1.zip (89.07 MB) to /tmp/zipdeploy/extracted" date="2025-10-26T17:32:12.983" >
      <step title="ChmodRecursive Process exited with total time taken in ms: 522" date="2025-10-26T17:32:23.571" /><!-- duration: 37ms -->
    </step><!-- duration: 10643ms -->
    <step title="Deployment timer started" date="2025-10-26T17:32:25.699" >
      <step title="DeploymentManager.Deploy(id:24183fe1-df8b-4504-987f-2e989ff5c431)" date="2025-10-26T17:32:25.757" >
        <step title="Collecting changeset information" date="2025-10-26T17:32:25.893" /><!-- duration: 393ms -->
        <step title="Updating submodules" date="2025-10-26T17:32:26.326" /><!-- duration: 1645ms -->
        <step title="Determining deployment builder" date="2025-10-26T17:32:28.301" >
          <step title="Builder is OryxBuilder" date="2025-10-26T17:32:28.325" /><!-- duration: 10ms -->
        </step><!-- duration: 46ms -->
        <step title="PreDeployment: context.CleanOutputPath False" date="2025-10-26T17:32:28.419" >
          <step title="PreDeployment: context.OutputPath /home/site/wwwroot" date="2025-10-26T17:32:28.568" >
            <step title="Building" date="2025-10-26T17:32:28.759" >
              <step title="Executing external process" date="2025-10-26T17:32:29.715" type="process" path="bash" arguments="-c &quot;oryx build /tmp/zipdeploy/extracted -o /home/site/wwwroot --platform python --platform-version 3.11 -p virtualenv_name=antenv --log-file /tmp/build-debug.log  -i /tmp/8de14b5a2a51ed7 --compress-destination-dir | tee /tmp/oryx-build.log ; exit $PIPESTATUS &quot;" /><!-- duration: 53740ms -->
              <step title="Using PythonDeploymentLogParser" date="2025-10-26T17:33:23.863" /><!-- duration: 9ms -->
              <step title="Triggering recycle (preview mode disabled)." date="2025-10-26T17:33:25.503" /><!-- duration: 18ms -->
              <step title="Modified file to trigger a restart of the app container." date="2025-10-26T17:33:25.589" /><!-- duration: 90ms -->
              <step title="Skip function trigger and logicapp sync because function is not enabled." date="2025-10-26T17:33:25.778" /><!-- duration: 27ms -->
            </step><!-- duration: 58925ms -->
          </step><!-- duration: 59122ms -->
          <step title="Cleaning up temp files" date="2025-10-26T17:33:27.693" /><!-- duration: 2000ms -->
          <step title="Cleaning up temp files" date="2025-10-26T17:33:29.697" /><!-- duration: 514ms -->
          <step title="Reloading status file with latest updates" date="2025-10-26T17:33:30.248" >
            <step title="WebHooksManager.PublishEventAsync: PostDeployment" date="2025-10-26T17:33:30.253" /><!-- duration: 78ms -->
          </step><!-- duration: 87ms -->
          <step title="Cleaning up temporary deployment - fetch deployment was successful" date="2025-10-26T17:33:30.340" /><!-- duration: 3ms -->
        </step><!-- duration: 61991ms -->
      </step><!-- duration: 64668ms -->
