<step title="Incoming Request" date="2025-10-26T17:38:29.502" instance="ee0035" url="/api/zipdeploy?isAsync=true" method="POST" type="request" pid="767,1,38" Accept="*/*" Host="profilepicapp-classifier-c2p7wl.scm.azurewebsites.net" User-Agent="AZURECLI/2.77.0 (MSI)" Accept-Encoding="gzip, deflate" Authorization="Bas..." Cache-Control="no-cache" Content-Type="application/octet-stream" Content-Length="93398639" x-ms-client-request-id="935eb722-b292-11f0-9459-7cb566a8793c" x-ms-artifact-checksum="f08e356f69f6d63ca0a1d308b48fc80bb27905dee1c58bc30747830425d922f0" X-ARR-LOG-ID="935eb722-b292-11f0-9459-7cb566a8793c" CLIENT-IP="54.215.219.28:58452" X-SITE-DEPLOYMENT-ID="profilepicapp-classifier-c2p7wl" WAS-DEFAULT-HOSTNAME="profilepicapp-classifier-c2p7wl.scm.azurewebsites.net" X-Forwarded-Proto="https" X-AppService-Proto="https" X-Forwarded-TlsVersion="1.3" X-WAWS-Unencoded-URL="/api/zipdeploy?isAsync=true" X-Client-IP="54.215.219.28" X-Client-Port="58452" >
  <step title="Cleanup Xml Logs" date="2025-10-26T17:38:29.519" /><!-- duration: 20ms -->
  <step title="ZipPushDeploy" date="2025-10-26T17:38:29.553" >
    <step title="ZipDeploy. Extract zip. Remote build." date="2025-10-26T17:38:29.560" /><!-- duration: 3ms -->
    <step title="Starting PushDeployAsync" date="2025-10-26T17:38:29.566" /><!-- duration: 3ms -->
    <step title="Writing artifact to /tmp/zipdeploy/e0c77985-ff6f-494e-a961-1cbb2915d909.zip" date="2025-10-26T17:38:29.579" >
      <step title="Writing multipart request body to /tmp/zipdeploy/e0c77985-ff6f-494e-a961-1cbb2915d909.zip" date="2025-10-26T17:38:29.582" /><!-- duration: 21ms -->
    </step><!-- duration: 4575ms -->
    <step title="Removing previous build artifact&apos;s manifest file" date="2025-10-26T17:38:34.164" >
      <step title="Start deployment in the background" date="2025-10-26T17:38:34.172" >
        <step title="Acquiring Deployment Lock" date="2025-10-26T17:38:34.213" /><!-- duration: 8ms -->
        <step title="Acquired Deployment Lock" date="2025-10-26T17:38:34.257" /><!-- duration: 2ms -->
      </step><!-- duration: 162ms -->
    </step><!-- duration: 192ms -->
    <step title="Outgoing response" date="2025-10-26T17:38:34.383" type="response" statusCode="202" statusText="Accepted" /><!-- duration: 10ms -->
  </step><!-- duration: 4842ms -->
