<step title="Incoming Request" date="2025-10-26T17:49:11.835" instance="ee0035" url="/api/zipdeploy?isAsync=true" method="POST" type="request" pid="767,1,41" Accept="*/*" Host="profilepicapp-classifier-c2p7wl.scm.azurewebsites.net" User-Agent="AZURECLI/2.77.0 (MSI)" Accept-Encoding="gzip, deflate" Authorization="Bas..." Cache-Control="no-cache" Content-Type="application/octet-stream" Content-Length="93398639" x-ms-client-request-id="128b76c0-b294-11f0-9e48-7cb566a8793c" x-ms-artifact-checksum="f08e356f69f6d63ca0a1d308b48fc80bb27905dee1c58bc30747830425d922f0" X-ARR-LOG-ID="128b76c0-b294-11f0-9e48-7cb566a8793c" CLIENT-IP="54.215.219.28:52995" X-SITE-DEPLOYMENT-ID="profilepicapp-classifier-c2p7wl" WAS-DEFAULT-HOSTNAME="profilepicapp-classifier-c2p7wl.scm.azurewebsites.net" X-Forwarded-Proto="https" X-AppService-Proto="https" X-Forwarded-TlsVersion="1.3" X-WAWS-Unencoded-URL="/api/zipdeploy?isAsync=true" X-Client-IP="54.215.219.28" X-Client-Port="52995" >
  <step title="Cleanup Xml Logs" date="2025-10-26T17:49:11.837" /><!-- duration: 6ms -->
  <step title="ZipPushDeploy" date="2025-10-26T17:49:11.861" >
    <step title="ZipDeploy. Extract zip. Remote build." date="2025-10-26T17:49:11.869" /><!-- duration: 4ms -->
    <step title="Starting PushDeployAsync" date="2025-10-26T17:49:11.880" /><!-- duration: 2ms -->
    <step title="Writing artifact to /tmp/zipdeploy/b8a1fffc-24f8-4450-a66c-4c8fb2be8813.zip" date="2025-10-26T17:49:11.892" >
      <step title="Writing multipart request body to /tmp/zipdeploy/b8a1fffc-24f8-4450-a66c-4c8fb2be8813.zip" date="2025-10-26T17:49:11.909" /><!-- duration: 11ms -->
    </step><!-- duration: 4033ms -->
    <step title="Start deployment in the background" date="2025-10-26T17:49:15.941" >
      <step title="Acquiring Deployment Lock" date="2025-10-26T17:49:15.973" /><!-- duration: 3ms -->
      <step title="Acquired Deployment Lock" date="2025-10-26T17:49:16.007" /><!-- duration: 3ms -->
    </step><!-- duration: 207ms -->
  </step><!-- duration: 4296ms -->
  <step title="Outgoing response" date="2025-10-26T17:49:16.161" type="response" statusCode="202" statusText="Accepted" /><!-- duration: 3ms -->
</step><!-- duration: 4331ms -->
