﻿<?xml version="1.0" encoding="utf-8"?>
<deployment>
  <id>24183fe1-df8b-4504-987f-2e989ff5c431</id>
  <author>N/A</author>
  <deployer>Push-Deployer</deployer>
  <authorEmail>N/A</authorEmail>
  <message>Created via a push deployment</message>
  <progress></progress>
  <status>Success</status>
  <statusText></statusText>
  <lastSuccessEndTime>2025-10-26T17:33:26.6343994Z</lastSuccessEndTime>
  <receivedTime>2025-10-26T17:32:26.1453499Z</receivedTime>
  <startTime>2025-10-26T17:32:28.2209865Z</startTime>
  <endTime>2025-10-26T17:33:26.6343994Z</endTime>
  <complete>True</complete>
  <is_temp>False</is_temp>
  <is_readonly>True</is_readonly>
  <buildSummary />
</deployment>