﻿<?xml version="1.0" encoding="utf-8"?>
<deployment>
  <id>c9f73b8b-ebf1-471e-bf80-02ac595c9037</id>
  <author>N/A</author>
  <deployer>Push-Deployer</deployer>
  <authorEmail>N/A</authorEmail>
  <message>Created via a push deployment</message>
  <progress></progress>
  <status>Success</status>
  <statusText></statusText>
  <lastSuccessEndTime>2025-10-24T17:18:41.8763382Z</lastSuccessEndTime>
  <receivedTime>2025-10-24T17:17:53.4237672Z</receivedTime>
  <startTime>2025-10-24T17:17:54.8063493Z</startTime>
  <endTime>2025-10-24T17:18:41.8763382Z</endTime>
  <complete>True</complete>
  <is_temp>False</is_temp>
  <is_readonly>True</is_readonly>
  <buildSummary />
</deployment>