﻿<?xml version="1.0" encoding="utf-8"?>
<deployment>
  <id>cc65c5dc-3fa3-4952-bdbd-675d881c29ec</id>
  <author>N/A</author>
  <deployer>Push-Deployer</deployer>
  <authorEmail>N/A</authorEmail>
  <message>Created via a push deployment</message>
  <progress></progress>
  <status>Success</status>
  <statusText></statusText>
  <lastSuccessEndTime>2025-10-24T20:43:03.2682012Z</lastSuccessEndTime>
  <receivedTime>2025-10-24T20:40:41.5434232Z</receivedTime>
  <startTime>2025-10-24T20:40:43.1871748Z</startTime>
  <endTime>2025-10-24T20:43:03.2682012Z</endTime>
  <complete>True</complete>
  <is_temp>False</is_temp>
  <is_readonly>True</is_readonly>
  <buildSummary />
</deployment>