﻿<?xml version="1.0" encoding="utf-8"?>
<deployment>
  <id>84541721-1f0f-4441-a68e-032944a98c3c</id>
  <author>N/A</author>
  <deployer>Push-Deployer</deployer>
  <authorEmail>N/A</authorEmail>
  <message>Created via a push deployment</message>
  <progress></progress>
  <status>Success</status>
  <statusText></statusText>
  <lastSuccessEndTime>2025-10-21T22:24:16.3569896Z</lastSuccessEndTime>
  <receivedTime>2025-10-21T22:21:46.8395758Z</receivedTime>
  <startTime>2025-10-21T22:21:48.2166713Z</startTime>
  <endTime>2025-10-21T22:24:16.3569896Z</endTime>
  <complete>True</complete>
  <is_temp>False</is_temp>
  <is_readonly>True</is_readonly>
  <buildSummary />
</deployment>