﻿<?xml version="1.0" encoding="utf-8"?>
<deployment>
  <id>e026c883-b985-4306-a38f-4ced932cc0f3</id>
  <author>N/A</author>
  <deployer>Push-Deployer</deployer>
  <authorEmail>N/A</authorEmail>
  <message>Created via a push deployment</message>
  <progress></progress>
  <status>Success</status>
  <statusText></statusText>
  <lastSuccessEndTime>2025-10-24T19:29:15.7833035Z</lastSuccessEndTime>
  <receivedTime>2025-10-24T19:28:48.8672096Z</receivedTime>
  <startTime>2025-10-24T19:28:50.8087239Z</startTime>
  <endTime>2025-10-24T19:29:15.7833035Z</endTime>
  <complete>True</complete>
  <is_temp>False</is_temp>
  <is_readonly>True</is_readonly>
  <buildSummary />
</deployment>