﻿<?xml version="1.0" encoding="utf-8"?>
<deployment>
  <id>f6680f0b-49e3-4128-9386-0602de505221</id>
  <author>N/A</author>
  <deployer>Push-Deployer</deployer>
  <authorEmail>N/A</authorEmail>
  <message>Created via a push deployment</message>
  <progress></progress>
  <status>Success</status>
  <statusText></statusText>
  <lastSuccessEndTime>2025-10-24T18:15:42.6837836Z</lastSuccessEndTime>
  <receivedTime>2025-10-24T18:15:15.5384806Z</receivedTime>
  <startTime>2025-10-24T18:15:17.8227826Z</startTime>
  <endTime>2025-10-24T18:15:42.6837836Z</endTime>
  <complete>True</complete>
  <is_temp>False</is_temp>
  <is_readonly>True</is_readonly>
  <buildSummary />
</deployment>