﻿<?xml version="1.0" encoding="utf-8"?>
<deployment>
  <id>0cf01ddc-7097-4a2a-8614-215514ae8b0c</id>
  <author>N/A</author>
  <deployer>Push-Deployer</deployer>
  <authorEmail>N/A</authorEmail>
  <message>Created via a push deployment</message>
  <progress></progress>
  <status>Success</status>
  <statusText></statusText>
  <lastSuccessEndTime>2025-10-24T19:25:27.6624505Z</lastSuccessEndTime>
  <receivedTime>2025-10-24T19:25:02.2123773Z</receivedTime>
  <startTime>2025-10-24T19:25:04.5030084Z</startTime>
  <endTime>2025-10-24T19:25:27.6624505Z</endTime>
  <complete>True</complete>
  <is_temp>False</is_temp>
  <is_readonly>True</is_readonly>
  <buildSummary />
</deployment>