<step title="Incoming Request" date="2025-10-24T19:08:05.824" instance="852031" url="/api/zipdeploy?isAsync=true" method="POST" type="request" pid="821,1,3" Accept="*/*" Host="profilepicapp-c2p7wl.scm.azurewebsites.net" User-Agent="AZURECLI/2.77.0 (MSI)" Accept-Encoding="gzip, deflate" Authorization="Bas..." Cache-Control="no-cache" Content-Type="application/octet-stream" Content-Length="10008" x-ms-client-request-id="c3135ebc-b10c-11f0-aa94-7cb566a8793c" x-ms-artifact-checksum="a5226e58aab3c5d7640ff999761df1b0a73081105630adc5bb74ae39b9ad473e" X-ARR-LOG-ID="c3135ebc-b10c-11f0-aa94-7cb566a8793c" CLIENT-IP="13.57.255.252:52461" X-SITE-DEPLOYMENT-ID="profilepicapp-c2p7wl" WAS-DEFAULT-HOSTNAME="profilepicapp-c2p7wl.scm.azurewebsites.net" X-Forwarded-Proto="https" X-AppService-Proto="https" X-Forwarded-TlsVersion="1.3" X-WAWS-Unencoded-URL="/api/zipdeploy?isAsync=true" X-Client-IP="13.57.255.252" X-Client-Port="52461" >
  <step title="Cleanup Xml Logs" date="2025-10-24T19:08:05.830" /><!-- duration: 9ms -->
  <step title="ZipPushDeploy" date="2025-10-24T19:08:05.849" >
    <step title="ZipDeploy. Extract zip. Remote build." date="2025-10-24T19:08:05.856" /><!-- duration: 7ms -->
    <step title="Starting PushDeployAsync" date="2025-10-24T19:08:05.869" /><!-- duration: 21ms -->
    <step title="Writing artifact to /tmp/zipdeploy/f5016dcb-babe-4b4d-be2c-2879fb98eddc.zip" date="2025-10-24T19:08:05.943" >
      <step title="Writing multipart request body to /tmp/zipdeploy/f5016dcb-babe-4b4d-be2c-2879fb98eddc.zip" date="2025-10-24T19:08:05.948" /><!-- duration: 3ms -->
    </step><!-- duration: 30ms -->
    <step title="Removing previous build artifact&apos;s manifest file" date="2025-10-24T19:08:05.979" >
      <step title="Start deployment in the background" date="2025-10-24T19:08:05.994" >
        <step title="Acquiring Deployment Lock" date="2025-10-24T19:08:06.014" /><!-- duration: 4ms -->
        <step title="Acquired Deployment Lock" date="2025-10-24T19:08:06.054" /><!-- duration: 7ms -->
      </step><!-- duration: 152ms -->
    </step><!-- duration: 180ms -->
    <step title="Outgoing response" date="2025-10-24T19:08:06.166" type="response" statusCode="202" statusText="Accepted" /><!-- duration: 4ms -->
  </step><!-- duration: 326ms -->
