<step title="BackgroundTrace" date="2025-10-21T22:21:38.888" instance="870d61" url="/api/zipdeploy" method="POST" >
  <step title="Creating temporary deployment - FetchDeploymentManager" date="2025-10-21T22:21:39.207" /><!-- duration: 4ms -->
  <step title="Creating temporary deployment" date="2025-10-21T22:21:39.216" /><!-- duration: 88ms -->
  <step title="Performing fetch based deployment" date="2025-10-21T22:21:39.379" >
    <step title="Cleaning up temp folders from previous zip deployments and extracting pushed zip file /tmp/zipdeploy/6a9740b6-ae31-4735-b62e-143f3a9e24e2.zip (59.86 MB) to /tmp/zipdeploy/extracted" date="2025-10-21T22:21:40.591" >
      <step title="ChmodRecursive Process exited with total time taken in ms: 63" date="2025-10-21T22:21:44.747" /><!-- duration: 8ms -->
    </step><!-- duration: 4177ms -->
    <step title="Deployment timer started" date="2025-10-21T22:21:46.780" >
      <step title="DeploymentManager.Deploy(id:84541721-1f0f-4441-a68e-032944a98c3c)" date="2025-10-21T22:21:46.793" >
        <step title="Collecting changeset information" date="2025-10-21T22:21:46.804" /><!-- duration: 113ms -->
        <step title="Updating submodules" date="2025-10-21T22:21:46.925" /><!-- duration: 1128ms -->
        <step title="Determining deployment builder" date="2025-10-21T22:21:48.306" >
          <step title="Builder is OryxBuilder" date="2025-10-21T22:21:48.325" /><!-- duration: 3ms -->
        </step><!-- duration: 25ms -->
        <step title="PreDeployment: context.CleanOutputPath False" date="2025-10-21T22:21:48.384" >
          <step title="PreDeployment: context.OutputPath /home/site/wwwroot" date="2025-10-21T22:21:48.535" >
            <step title="Building" date="2025-10-21T22:21:48.686" >
              <step title="Executing external process" date="2025-10-21T22:21:48.984" type="process" path="bash" arguments="-c &quot;oryx build /tmp/zipdeploy/extracted -o /home/site/wwwroot --platform python --platform-version 3.13 -p virtualenv_name=antenv --log-file /tmp/build-debug.log  -i /tmp/8de10f039ef3ff5 --compress-destination-dir | tee /tmp/oryx-build.log ; exit $PIPESTATUS &quot;" /><!-- duration: 140763ms -->
              <step title="Using PythonDeploymentLogParser" date="2025-10-21T22:24:12.453" /><!-- duration: 15ms -->
              <step title="Triggering recycle (preview mode disabled)." date="2025-10-21T22:24:15.838" /><!-- duration: 18ms -->
              <step title="Modified file to trigger a restart of the app container." date="2025-10-21T22:24:15.908" /><!-- duration: 6ms -->
              <step title="Skip function trigger and logicapp sync because function is not enabled." date="2025-10-21T22:24:15.931" /><!-- duration: 10ms -->
            </step><!-- duration: 148371ms -->
          </step><!-- duration: 148526ms -->
          <step title="Cleaning up temp files" date="2025-10-21T22:24:17.066" /><!-- duration: 1736ms -->
          <step title="Cleaning up temp files" date="2025-10-21T22:24:18.806" /><!-- duration: 533ms -->
          <step title="Reloading status file with latest updates" date="2025-10-21T22:24:19.397" >
            <step title="WebHooksManager.PublishEventAsync: PostDeployment" date="2025-10-21T22:24:19.406" /><!-- duration: 199ms -->
          </step><!-- duration: 212ms -->
          <step title="Cleaning up temporary deployment - fetch deployment was successful" date="2025-10-21T22:24:19.620" /><!-- duration: 5ms -->
        </step><!-- duration: 151292ms -->
      </step><!-- duration: 152918ms -->
