<step title="Incoming Request" date="2025-10-21T22:21:37.160" instance="870d61" url="/api/zipdeploy?isAsync=true" method="POST" type="request" pid="821,1,7" Accept="*/*" Host="profilepicapp-c2p7wl.scm.azurewebsites.net" User-Agent="AZURECLI/2.77.0 (MSI)" Accept-Encoding="gzip, deflate" Authorization="Bas..." Cache-Control="no-cache" Content-Type="application/octet-stream" Content-Length="62768199" x-ms-client-request-id="1fc77669-aecc-11f0-bac6-7cb566a8793c" x-ms-artifact-checksum="cd6dd577733dd2b2a6a2c619e5c1b659eec983fc981ea3abaa89ac545297ad28" X-ARR-LOG-ID="1fc77669-aecc-11f0-bac6-7cb566a8793c" CLIENT-IP="54.219.179.81:49233" X-SITE-DEPLOYMENT-ID="profilepicapp-c2p7wl" WAS-DEFAULT-HOSTNAME="profilepicapp-c2p7wl.scm.azurewebsites.net" X-Forwarded-Proto="https" X-AppService-Proto="https" X-Forwarded-TlsVersion="1.3" X-WAWS-Unencoded-URL="/api/zipdeploy?isAsync=true" X-Client-IP="54.219.179.81" X-Client-Port="49233" >
  <step title="ZipPushDeploy" date="2025-10-21T22:21:37.412" >
    <step title="ZipDeploy. Extract zip. Remote build." date="2025-10-21T22:21:37.440" /><!-- duration: 4ms -->
    <step title="None repository commit" date="2025-10-21T22:21:37.455" >
      <step title="Commit id: 84541721-1f0f-4441-a68e-032944a98c3c" date="2025-10-21T22:21:37.460" Message="N/A" AuthorName="N/A" AuthorEmail="N/A" /><!-- duration: 3ms -->
    </step><!-- duration: 12ms -->
    <step title="Starting PushDeployAsync" date="2025-10-21T22:21:37.471" /><!-- duration: 4ms -->
    <step title="Writing artifact to /tmp/zipdeploy/6a9740b6-ae31-4735-b62e-143f3a9e24e2.zip" date="2025-10-21T22:21:37.495" >
      <step title="Writing multipart request body to /tmp/zipdeploy/6a9740b6-ae31-4735-b62e-143f3a9e24e2.zip" date="2025-10-21T22:21:37.501" /><!-- duration: 3ms -->
    </step><!-- duration: 1364ms -->
    <step title="Start deployment in the background" date="2025-10-21T22:21:38.884" >
      <step title="Acquiring Deployment Lock" date="2025-10-21T22:21:38.908" /><!-- duration: 3ms -->
      <step title="Acquired Deployment Lock" date="2025-10-21T22:21:39.198" /><!-- duration: 5ms -->
    </step><!-- duration: 428ms -->
  </step><!-- duration: 1912ms -->
  <step title="Outgoing response" date="2025-10-21T22:21:39.342" type="response" statusCode="202" statusText="Accepted" /><!-- duration: 6ms -->
</step><!-- duration: 2197ms -->
