<step title="BackgroundTrace" date="2025-10-24T18:28:29.665" instance="852031" url="/api/zipdeploy" method="POST" >
  <step title="Creating temporary deployment - FetchDeploymentManager" date="2025-10-24T18:28:29.732" /><!-- duration: 2ms -->
  <step title="Creating temporary deployment" date="2025-10-24T18:28:29.738" /><!-- duration: 56ms -->
  <step title="Performing fetch based deployment" date="2025-10-24T18:28:29.832" >
    <step title="Cleaning up temp folders from previous zip deployments and extracting pushed zip file /tmp/zipdeploy/c706682f-6507-447c-81fe-b851062c4616.zip (3.43 MB) to /tmp/zipdeploy/extracted" date="2025-10-24T18:28:30.978" >
      <step title="ChmodRecursive Process exited with total time taken in ms: 28" date="2025-10-24T18:28:31.446" /><!-- duration: 3ms -->
    </step><!-- duration: 474ms -->
    <step title="Deployment timer started" date="2025-10-24T18:28:33.461" >
      <step title="DeploymentManager.Deploy(id:ce2d1ba9-3e79-4e95-95ce-76cfc0ee7f25)" date="2025-10-24T18:28:33.469" >
        <step title="Collecting changeset information" date="2025-10-24T18:28:33.480" /><!-- duration: 119ms -->
        <step title="Updating submodules" date="2025-10-24T18:28:33.604" /><!-- duration: 1138ms -->
        <step title="Determining deployment builder" date="2025-10-24T18:28:35.048" >
          <step title="Builder is OryxBuilder" date="2025-10-24T18:28:35.059" /><!-- duration: 10ms -->
        </step><!-- duration: 25ms -->
        <step title="PreDeployment: context.CleanOutputPath False" date="2025-10-24T18:28:35.134" >
          <step title="PreDeployment: context.OutputPath /home/site/wwwroot" date="2025-10-24T18:28:35.264" >
            <step title="Building" date="2025-10-24T18:28:35.410" >
              <step title="Executing external process" date="2025-10-24T18:28:36.253" type="process" path="bash" arguments="-c &quot;oryx build /tmp/zipdeploy/extracted -o /home/site/wwwroot --platform python --platform-version 3.13 -p virtualenv_name=antenv --log-file /tmp/build-debug.log  -i /tmp/8de132b248a643c --compress-destination-dir | tee /tmp/oryx-build.log ; exit $PIPESTATUS &quot;" /><!-- duration: 17939ms -->
              <step title="Using PythonDeploymentLogParser" date="2025-10-24T18:28:54.743" /><!-- duration: 4ms -->
              <step title="Triggering recycle (preview mode disabled)." date="2025-10-24T18:28:56.063" /><!-- duration: 6ms -->
              <step title="Modified file to trigger a restart of the app container." date="2025-10-24T18:28:56.106" /><!-- duration: 3ms -->
              <step title="Skip function trigger and logicapp sync because function is not enabled." date="2025-10-24T18:28:56.118" /><!-- duration: 5ms -->
            </step><!-- duration: 21629ms -->
          </step><!-- duration: 21780ms -->
          <step title="Cleaning up temp files" date="2025-10-24T18:28:57.048" /><!-- duration: 1633ms -->
          <step title="Cleaning up temp files" date="2025-10-24T18:28:58.689" /><!-- duration: 723ms -->
          <step title="Reloading status file with latest updates" date="2025-10-24T18:28:59.442" >
            <step title="WebHooksManager.PublishEventAsync: PostDeployment" date="2025-10-24T18:28:59.447" /><!-- duration: 183ms -->
          </step><!-- duration: 192ms -->
          <step title="Cleaning up temporary deployment - fetch deployment was successful" date="2025-10-24T18:28:59.640" /><!-- duration: 3ms -->
        </step><!-- duration: 24562ms -->
      </step><!-- duration: 26247ms -->
