<step title="BackgroundTrace" date="2025-10-24T17:17:49.700" instance="852031" url="/api/zipdeploy" method="POST" >
  <step title="Creating temporary deployment - FetchDeploymentManager" date="2025-10-24T17:17:49.821" /><!-- duration: 2ms -->
  <step title="Creating temporary deployment" date="2025-10-24T17:17:49.829" /><!-- duration: 58ms -->
  <step title="Performing fetch based deployment" date="2025-10-24T17:17:49.959" >
    <step title="Cleaning up temp folders from previous zip deployments and extracting pushed zip file /tmp/zipdeploy/a2c7ee8a-8b76-44a3-9404-3ea5e8f67d41.zip (0.76 MB) to /tmp/zipdeploy/extracted" date="2025-10-24T17:17:51.122" >
      <step title="ChmodRecursive Process exited with total time taken in ms: 20" date="2025-10-24T17:17:51.331" /><!-- duration: 4ms -->
    </step><!-- duration: 219ms -->
    <step title="Deployment timer started" date="2025-10-24T17:17:53.355" >
      <step title="DeploymentManager.Deploy(id:c9f73b8b-ebf1-471e-bf80-02ac595c9037)" date="2025-10-24T17:17:53.366" >
        <step title="Collecting changeset information" date="2025-10-24T17:17:53.390" /><!-- duration: 123ms -->
        <step title="Updating submodules" date="2025-10-24T17:17:53.519" /><!-- duration: 1126ms -->
        <step title="Determining deployment builder" date="2025-10-24T17:17:54.868" >
          <step title="Builder is OryxBuilder" date="2025-10-24T17:17:54.880" /><!-- duration: 3ms -->
        </step><!-- duration: 19ms -->
        <step title="PreDeployment: context.CleanOutputPath False" date="2025-10-24T17:17:54.938" >
          <step title="PreDeployment: context.OutputPath /home/site/wwwroot" date="2025-10-24T17:17:55.059" >
            <step title="Building" date="2025-10-24T17:17:55.197" >
              <step title="Executing external process" date="2025-10-24T17:17:55.531" type="process" path="bash" arguments="-c &quot;oryx build /tmp/zipdeploy/extracted -o /home/site/wwwroot --platform python --platform-version 3.13 -p virtualenv_name=antenv --log-file /tmp/build-debug.log  -i /tmp/8de13214531977a --compress-destination-dir | tee /tmp/oryx-build.log ; exit $PIPESTATUS &quot;" /><!-- duration: 43924ms -->
              <step title="Using PythonDeploymentLogParser" date="2025-10-24T17:18:40.118" /><!-- duration: 4ms -->
              <step title="Triggering recycle (preview mode disabled)." date="2025-10-24T17:18:41.434" /><!-- duration: 6ms -->
              <step title="Modified file to trigger a restart of the app container." date="2025-10-24T17:18:41.490" /><!-- duration: 4ms -->
              <step title="Skip function trigger and logicapp sync because function is not enabled." date="2025-10-24T17:18:41.505" /><!-- duration: 3ms -->
            </step><!-- duration: 47034ms -->
          </step><!-- duration: 47177ms -->
          <step title="Cleaning up temp files" date="2025-10-24T17:18:42.244" /><!-- duration: 1644ms -->
          <step title="Cleaning up temp files" date="2025-10-24T17:18:43.892" /><!-- duration: 505ms -->
          <step title="Reloading status file with latest updates" date="2025-10-24T17:18:44.446" >
            <step title="WebHooksManager.PublishEventAsync: PostDeployment" date="2025-10-24T17:18:44.451" /><!-- duration: 175ms -->
          </step><!-- duration: 185ms -->
          <step title="Cleaning up temporary deployment - fetch deployment was successful" date="2025-10-24T17:18:44.640" /><!-- duration: 4ms -->
        </step><!-- duration: 49749ms -->
      </step><!-- duration: 51340ms -->
