<step title="Incoming Request" date="2025-10-24T17:17:49.293" instance="852031" url="/api/zipdeploy?isAsync=true" method="POST" type="request" pid="821,1,6" Accept="*/*" Host="profilepicapp-c2p7wl.scm.azurewebsites.net" User-Agent="AZURECLI/2.77.0 (MSI)" Accept-Encoding="gzip, deflate" Authorization="Bas..." Cache-Control="no-cache" Content-Type="application/octet-stream" Content-Length="801619" x-ms-client-request-id="41f72761-b0fd-11f0-9b6a-7cb566a8793c" x-ms-artifact-checksum="b58c8f89b05bcd36bd81e3efa45654743909c978c6f04f0d3276ebf5fe178e05" X-ARR-LOG-ID="41f72761-b0fd-11f0-9b6a-7cb566a8793c" CLIENT-IP="13.57.255.252:62262" X-SITE-DEPLOYMENT-ID="profilepicapp-c2p7wl" WAS-DEFAULT-HOSTNAME="profilepicapp-c2p7wl.scm.azurewebsites.net" X-Forwarded-Proto="https" X-AppService-Proto="https" X-Forwarded-TlsVersion="1.3" X-WAWS-Unencoded-URL="/api/zipdeploy?isAsync=true" X-Client-IP="13.57.255.252" X-Client-Port="62262" >
  <step title="ZipPushDeploy" date="2025-10-24T17:17:49.513" >
    <step title="ZipDeploy. Extract zip. Remote build." date="2025-10-24T17:17:49.521" /><!-- duration: 4ms -->
    <step title="None repository commit" date="2025-10-24T17:17:49.530" >
      <step title="Commit id: c9f73b8b-ebf1-471e-bf80-02ac595c9037" date="2025-10-24T17:17:49.537" Message="N/A" AuthorName="N/A" AuthorEmail="N/A" /><!-- duration: 7ms -->
    </step><!-- duration: 18ms -->
    <step title="Starting PushDeployAsync" date="2025-10-24T17:17:49.551" /><!-- duration: 3ms -->
    <step title="Writing artifact to /tmp/zipdeploy/a2c7ee8a-8b76-44a3-9404-3ea5e8f67d41.zip" date="2025-10-24T17:17:49.565" >
      <step title="Writing multipart request body to /tmp/zipdeploy/a2c7ee8a-8b76-44a3-9404-3ea5e8f67d41.zip" date="2025-10-24T17:17:49.572" /><!-- duration: 3ms -->
    </step><!-- duration: 35ms -->
    <step title="Removing previous build artifact&apos;s manifest file" date="2025-10-24T17:17:49.686" >
      <step title="Start deployment in the background" date="2025-10-24T17:17:49.697" >
        <step title="Acquiring Deployment Lock" date="2025-10-24T17:17:49.708" /><!-- duration: 7ms -->
        <step title="Acquired Deployment Lock" date="2025-10-24T17:17:49.815" /><!-- duration: 4ms -->
      </step><!-- duration: 194ms -->
    </step><!-- duration: 216ms -->
    <step title="Outgoing response" date="2025-10-24T17:17:49.916" type="response" statusCode="202" statusText="Accepted" /><!-- duration: 4ms -->
  </step><!-- duration: 411ms -->
