<step title="BackgroundTrace" date="2025-10-24T17:59:12.499" instance="852031" url="/api/zipdeploy" method="POST" >
  <step title="Creating temporary deployment - FetchDeploymentManager" date="2025-10-24T17:59:12.545" /><!-- duration: 2ms -->
  <step title="Creating temporary deployment" date="2025-10-24T17:59:12.551" /><!-- duration: 49ms -->
  <step title="Performing fetch based deployment" date="2025-10-24T17:59:12.656" >
    <step title="Cleaning up temp folders from previous zip deployments and extracting pushed zip file /tmp/zipdeploy/a4ec9ad5-b8f7-412b-8c1e-fa03a23bd5d5.zip (0.77 MB) to /tmp/zipdeploy/extracted" date="2025-10-24T17:59:13.822" >
      <step title="ChmodRecursive Process exited with total time taken in ms: 85" date="2025-10-24T17:59:14.297" /><!-- duration: 7ms -->
    </step><!-- duration: 494ms -->
    <step title="Deployment timer started" date="2025-10-24T17:59:16.339" >
      <step title="DeploymentManager.Deploy(id:9751ea01-da6a-4a86-ba3f-0e2eee3ad0a9)" date="2025-10-24T17:59:16.345" >
        <step title="Collecting changeset information" date="2025-10-24T17:59:16.358" /><!-- duration: 72ms -->
        <step title="Updating submodules" date="2025-10-24T17:59:16.440" /><!-- duration: 1123ms -->
        <step title="Determining deployment builder" date="2025-10-24T17:59:17.809" >
          <step title="Builder is OryxBuilder" date="2025-10-24T17:59:17.823" /><!-- duration: 3ms -->
        </step><!-- duration: 21ms -->
        <step title="PreDeployment: context.CleanOutputPath False" date="2025-10-24T17:59:17.883" >
          <step title="PreDeployment: context.OutputPath /home/site/wwwroot" date="2025-10-24T17:59:17.993" >
            <step title="Building" date="2025-10-24T17:59:18.144" >
              <step title="Executing external process" date="2025-10-24T17:59:18.718" type="process" path="bash" arguments="-c &quot;oryx build /tmp/zipdeploy/extracted -o /home/site/wwwroot --platform python --platform-version 3.13 -p virtualenv_name=antenv --log-file /tmp/build-debug.log  -i /tmp/8de13270d24f067 --compress-destination-dir | tee /tmp/oryx-build.log ; exit $PIPESTATUS &quot;" /><!-- duration: 17945ms -->
              <step title="Using PythonDeploymentLogParser" date="2025-10-24T17:59:37.138" /><!-- duration: 6ms -->
              <step title="Triggering recycle (preview mode disabled)." date="2025-10-24T17:59:38.672" /><!-- duration: 7ms -->
              <step title="Modified file to trigger a restart of the app container." date="2025-10-24T17:59:38.716" /><!-- duration: 4ms -->
              <step title="Skip function trigger and logicapp sync because function is not enabled." date="2025-10-24T17:59:38.728" /><!-- duration: 5ms -->
            </step><!-- duration: 21445ms -->
          </step><!-- duration: 21602ms -->
          <step title="Cleaning up temp files" date="2025-10-24T17:59:39.599" /><!-- duration: 1627ms -->
          <step title="Cleaning up temp files" date="2025-10-24T17:59:41.231" /><!-- duration: 508ms -->
          <step title="Reloading status file with latest updates" date="2025-10-24T17:59:41.780" >
            <step title="WebHooksManager.PublishEventAsync: PostDeployment" date="2025-10-24T17:59:41.786" /><!-- duration: 54ms -->
          </step><!-- duration: 69ms -->
          <step title="Cleaning up temporary deployment - fetch deployment was successful" date="2025-10-24T17:59:41.855" /><!-- duration: 4ms -->
        </step><!-- duration: 24058ms -->
      </step><!-- duration: 25620ms -->
