<step title="BackgroundTrace" date="2025-10-24T18:15:10.246" instance="852031" url="/api/zipdeploy" method="POST" >
  <step title="Creating temporary deployment - FetchDeploymentManager" date="2025-10-24T18:15:10.364" /><!-- duration: 3ms -->
  <step title="Creating temporary deployment" date="2025-10-24T18:15:10.376" /><!-- duration: 106ms -->
  <step title="Performing fetch based deployment" date="2025-10-24T18:15:10.575" >
    <step title="Cleaning up temp folders from previous zip deployments and extracting pushed zip file /tmp/zipdeploy/168a18ec-b066-44ae-afa3-09046d266f56.zip (3.43 MB) to /tmp/zipdeploy/extracted" date="2025-10-24T18:15:11.775" >
      <step title="ChmodRecursive Process exited with total time taken in ms: 138" date="2025-10-24T18:15:13.418" /><!-- duration: 6ms -->
    </step><!-- duration: 1654ms -->
    <step title="Deployment timer started" date="2025-10-24T18:15:15.448" >
      <step title="DeploymentManager.Deploy(id:f6680f0b-49e3-4128-9386-0602de505221)" date="2025-10-24T18:15:15.453" >
        <step title="Collecting changeset information" date="2025-10-24T18:15:15.472" /><!-- duration: 661ms -->
        <step title="Updating submodules" date="2025-10-24T18:15:16.145" /><!-- duration: 1202ms -->
        <step title="Determining deployment builder" date="2025-10-24T18:15:17.902" >
          <step title="Builder is OryxBuilder" date="2025-10-24T18:15:17.914" /><!-- duration: 3ms -->
        </step><!-- duration: 21ms -->
        <step title="PreDeployment: context.CleanOutputPath False" date="2025-10-24T18:15:17.999" >
          <step title="PreDeployment: context.OutputPath /home/site/wwwroot" date="2025-10-24T18:15:18.165" >
            <step title="Building" date="2025-10-24T18:15:18.328" >
              <step title="Executing external process" date="2025-10-24T18:15:18.971" type="process" path="bash" arguments="-c &quot;oryx build /tmp/zipdeploy/extracted -o /home/site/wwwroot --platform python --platform-version 3.13 -p virtualenv_name=antenv --log-file /tmp/build-debug.log  -i /tmp/8de13294966f3b2 --compress-destination-dir | tee /tmp/oryx-build.log ; exit $PIPESTATUS &quot;" /><!-- duration: 20243ms -->
              <step title="Using PythonDeploymentLogParser" date="2025-10-24T18:15:40.057" /><!-- duration: 4ms -->
              <step title="Triggering recycle (preview mode disabled)." date="2025-10-24T18:15:41.927" /><!-- duration: 4ms -->
              <step title="Modified file to trigger a restart of the app container." date="2025-10-24T18:15:41.978" /><!-- duration: 3ms -->
              <step title="Skip function trigger and logicapp sync because function is not enabled." date="2025-10-24T18:15:42.328" /><!-- duration: 3ms -->
            </step><!-- duration: 24895ms -->
          </step><!-- duration: 25065ms -->
          <step title="Cleaning up temp files" date="2025-10-24T18:15:43.234" /><!-- duration: 1689ms -->
          <step title="Cleaning up temp files" date="2025-10-24T18:15:44.946" /><!-- duration: 517ms -->
          <step title="Reloading status file with latest updates" date="2025-10-24T18:15:45.496" >
            <step title="WebHooksManager.PublishEventAsync: PostDeployment" date="2025-10-24T18:15:45.500" /><!-- duration: 60ms -->
          </step><!-- duration: 67ms -->
          <step title="Cleaning up temporary deployment - fetch deployment was successful" date="2025-10-24T18:15:45.569" /><!-- duration: 4ms -->
        </step><!-- duration: 27625ms -->
      </step><!-- duration: 30188ms -->
