<step title="Incoming Request" date="2025-10-24T18:15:09.399" instance="852031" url="/api/zipdeploy?isAsync=true" method="POST" type="request" pid="821,1,52" Accept="*/*" Host="profilepicapp-c2p7wl.scm.azurewebsites.net" User-Agent="AZURECLI/2.77.0 (MSI)" Accept-Encoding="gzip, deflate" Authorization="Bas..." Cache-Control="no-cache" Content-Type="application/octet-stream" Content-Length="3595091" x-ms-client-request-id="5afe05a2-b105-11f0-8a60-7cb566a8793c" x-ms-artifact-checksum="f7dc791934819b29ac63b9d195449f30aed71736f6e23802f737096b9956c60b" X-ARR-LOG-ID="5afe05a2-b105-11f0-8a60-7cb566a8793c" CLIENT-IP="13.57.255.252:57418" X-SITE-DEPLOYMENT-ID="profilepicapp-c2p7wl" WAS-DEFAULT-HOSTNAME="profilepicapp-c2p7wl.scm.azurewebsites.net" X-Forwarded-Proto="https" X-AppService-Proto="https" X-Forwarded-TlsVersion="1.3" X-WAWS-Unencoded-URL="/api/zipdeploy?isAsync=true" X-Client-IP="13.57.255.252" X-Client-Port="57418" >
  <step title="Cleanup Xml Logs" date="2025-10-24T18:15:09.471" /><!-- duration: 17ms -->
  <step title="ZipPushDeploy" date="2025-10-24T18:15:09.729" >
    <step title="ZipDeploy. Extract zip. Remote build." date="2025-10-24T18:15:09.750" /><!-- duration: 4ms -->
    <step title="Starting PushDeployAsync" date="2025-10-24T18:15:09.764" /><!-- duration: 5ms -->
    <step title="Writing artifact to /tmp/zipdeploy/168a18ec-b066-44ae-afa3-09046d266f56.zip" date="2025-10-24T18:15:09.789" >
      <step title="Writing multipart request body to /tmp/zipdeploy/168a18ec-b066-44ae-afa3-09046d266f56.zip" date="2025-10-24T18:15:09.800" /><!-- duration: 4ms -->
    </step><!-- duration: 421ms -->
    <step title="Removing previous build artifact&apos;s manifest file" date="2025-10-24T18:15:10.216" >
      <step title="Start deployment in the background" date="2025-10-24T18:15:10.240" >
        <step title="Acquiring Deployment Lock" date="2025-10-24T18:15:10.263" /><!-- duration: 4ms -->
        <step title="Acquired Deployment Lock" date="2025-10-24T18:15:10.354" /><!-- duration: 4ms -->
      </step><!-- duration: 246ms -->
    </step><!-- duration: 297ms -->
    <step title="Outgoing response" date="2025-10-24T18:15:10.541" type="response" statusCode="202" statusText="Accepted" /><!-- duration: 5ms -->
  </step><!-- duration: 819ms -->
