<step title="BackgroundTrace" date="2025-10-24T19:28:45.464" instance="852031" url="/api/zipdeploy" method="POST" >
  <step title="Creating temporary deployment - FetchDeploymentManager" date="2025-10-24T19:28:45.502" /><!-- duration: 2ms -->
  <step title="Creating temporary deployment" date="2025-10-24T19:28:45.510" /><!-- duration: 60ms -->
  <step title="Performing fetch based deployment" date="2025-10-24T19:28:45.597" >
    <step title="Cleaning up temp folders from previous zip deployments and extracting pushed zip file /tmp/zipdeploy/5fd778ab-2698-4c8e-9b55-4da2c5899f2e.zip (0.01 MB) to /tmp/zipdeploy/extracted" date="2025-10-24T19:28:46.767" >
      <step title="ChmodRecursive Process exited with total time taken in ms: 15" date="2025-10-24T19:28:46.810" /><!-- duration: 3ms -->
    </step><!-- duration: 50ms -->
    <step title="Deployment timer started" date="2025-10-24T19:28:48.824" >
      <step title="DeploymentManager.Deploy(id:e026c883-b985-4306-a38f-4ced932cc0f3)" date="2025-10-24T19:28:48.828" >
        <step title="Collecting changeset information" date="2025-10-24T19:28:48.844" /><!-- duration: 105ms -->
        <step title="Updating submodules" date="2025-10-24T19:28:48.953" /><!-- duration: 1115ms -->
        <step title="Determining deployment builder" date="2025-10-24T19:28:50.881" >
          <step title="Builder is OryxBuilder" date="2025-10-24T19:28:50.893" /><!-- duration: 3ms -->
        </step><!-- duration: 18ms -->
        <step title="PreDeployment: context.CleanOutputPath False" date="2025-10-24T19:28:50.959" >
          <step title="PreDeployment: context.OutputPath /home/site/wwwroot" date="2025-10-24T19:28:51.083" >
            <step title="Building" date="2025-10-24T19:28:51.272" >
              <step title="Executing external process" date="2025-10-24T19:28:51.566" type="process" path="bash" arguments="-c &quot;oryx build /tmp/zipdeploy/extracted -o /home/site/wwwroot --platform python --platform-version 3.13 -p virtualenv_name=antenv --log-file /tmp/build-debug.log  -i /tmp/8de13338fbdfc90 --compress-destination-dir | tee /tmp/oryx-build.log ; exit $PIPESTATUS &quot;" /><!-- duration: 22231ms -->
              <step title="Using PythonDeploymentLogParser" date="2025-10-24T19:29:14.130" /><!-- duration: 12ms -->
              <step title="Triggering recycle (preview mode disabled)." date="2025-10-24T19:29:15.378" /><!-- duration: 6ms -->
              <step title="Modified file to trigger a restart of the app container." date="2025-10-24T19:29:15.420" /><!-- duration: 3ms -->
              <step title="Skip function trigger and logicapp sync because function is not enabled." date="2025-10-24T19:29:15.426" /><!-- duration: 4ms -->
            </step><!-- duration: 25255ms -->
          </step><!-- duration: 25449ms -->
          <step title="Cleaning up temp files" date="2025-10-24T19:29:16.535" /><!-- duration: 1904ms -->
          <step title="Cleaning up temp files" date="2025-10-24T19:29:18.441" /><!-- duration: 505ms -->
          <step title="Reloading status file with latest updates" date="2025-10-24T19:29:19.022" >
            <step title="WebHooksManager.PublishEventAsync: PostDeployment" date="2025-10-24T19:29:19.025" /><!-- duration: 27ms -->
          </step><!-- duration: 33ms -->
          <step title="Cleaning up temporary deployment - fetch deployment was successful" date="2025-10-24T19:29:19.067" /><!-- duration: 3ms -->
        </step><!-- duration: 28162ms -->
      </step><!-- duration: 30309ms -->
