<step title="BackgroundTrace" date="2025-10-24T19:08:06.001" instance="852031" url="/api/zipdeploy" method="POST" >
  <step title="Creating temporary deployment - FetchDeploymentManager" date="2025-10-24T19:08:06.066" /><!-- duration: 3ms -->
  <step title="Creating temporary deployment" date="2025-10-24T19:08:06.080" /><!-- duration: 60ms -->
  <step title="Performing fetch based deployment" date="2025-10-24T19:08:06.183" >
    <step title="Cleaning up temp folders from previous zip deployments and extracting pushed zip file /tmp/zipdeploy/f5016dcb-babe-4b4d-be2c-2879fb98eddc.zip (0.01 MB) to /tmp/zipdeploy/extracted" date="2025-10-24T19:08:07.382" >
      <step title="ChmodRecursive Process exited with total time taken in ms: 32" date="2025-10-24T19:08:07.453" /><!-- duration: 4ms -->
    </step><!-- duration: 80ms -->
    <step title="Deployment timer started" date="2025-10-24T19:08:09.478" >
      <step title="DeploymentManager.Deploy(id:36b50d6e-24cb-43e1-9911-0c2de4ec50bc)" date="2025-10-24T19:08:09.485" >
        <step title="Collecting changeset information" date="2025-10-24T19:08:09.500" /><!-- duration: 148ms -->
        <step title="Updating submodules" date="2025-10-24T19:08:09.655" /><!-- duration: 1127ms -->
        <step title="Determining deployment builder" date="2025-10-24T19:08:11.249" >
          <step title="Builder is OryxBuilder" date="2025-10-24T19:08:11.261" /><!-- duration: 3ms -->
        </step><!-- duration: 17ms -->
        <step title="PreDeployment: context.CleanOutputPath False" date="2025-10-24T19:08:11.303" >
          <step title="PreDeployment: context.OutputPath /home/site/wwwroot" date="2025-10-24T19:08:11.417" >
            <step title="Building" date="2025-10-24T19:08:11.579" >
              <step title="Executing external process" date="2025-10-24T19:08:11.878" type="process" path="bash" arguments="-c &quot;oryx build /tmp/zipdeploy/extracted -o /home/site/wwwroot --platform python --platform-version 3.13 -p virtualenv_name=antenv --log-file /tmp/build-debug.log  -i /tmp/8de1330acdcdb68 --compress-destination-dir | tee /tmp/oryx-build.log ; exit $PIPESTATUS &quot;" /><!-- duration: 17166ms -->
              <step title="Using PythonDeploymentLogParser" date="2025-10-24T19:08:29.390" /><!-- duration: 5ms -->
              <step title="Triggering recycle (preview mode disabled)." date="2025-10-24T19:08:30.546" /><!-- duration: 5ms -->
              <step title="Modified file to trigger a restart of the app container." date="2025-10-24T19:08:30.606" /><!-- duration: 3ms -->
              <step title="Skip function trigger and logicapp sync because function is not enabled." date="2025-10-24T19:08:30.612" /><!-- duration: 4ms -->
            </step><!-- duration: 20420ms -->
          </step><!-- duration: 20589ms -->
          <step title="Cleaning up temp files" date="2025-10-24T19:08:32.009" /><!-- duration: 1610ms -->
          <step title="Cleaning up temp files" date="2025-10-24T19:08:33.625" /><!-- duration: 504ms -->
          <step title="Reloading status file with latest updates" date="2025-10-24T19:08:34.160" >
            <step title="WebHooksManager.PublishEventAsync: PostDeployment" date="2025-10-24T19:08:34.164" /><!-- duration: 439ms -->
          </step><!-- duration: 447ms -->
          <step title="Cleaning up temporary deployment - fetch deployment was successful" date="2025-10-24T19:08:34.612" /><!-- duration: 8ms -->
        </step><!-- duration: 23356ms -->
      </step><!-- duration: 25195ms -->
