<step title="Incoming Request" date="2025-10-24T19:28:45.372" instance="852031" url="/api/zipdeploy?isAsync=true" method="POST" type="request" pid="821,1,55" Accept="*/*" Host="profilepicapp-c2p7wl.scm.azurewebsites.net" User-Agent="AZURECLI/2.77.0 (MSI)" Accept-Encoding="gzip, deflate" Authorization="Bas..." Cache-Control="no-cache" Content-Type="application/octet-stream" Content-Length="10239" x-ms-client-request-id="a5cf5a54-b10f-11f0-ad6d-7cb566a8793c" x-ms-artifact-checksum="11e4a9cbaf820ef3eceda825ff674210861df714214a6ce56404af40405a9e69" X-ARR-LOG-ID="a5cf5a54-b10f-11f0-ad6d-7cb566a8793c" CLIENT-IP="13.57.255.252:55793" X-SITE-DEPLOYMENT-ID="profilepicapp-c2p7wl" WAS-DEFAULT-HOSTNAME="profilepicapp-c2p7wl.scm.azurewebsites.net" X-Forwarded-Proto="https" X-AppService-Proto="https" X-Forwarded-TlsVersion="1.3" X-WAWS-Unencoded-URL="/api/zipdeploy?isAsync=true" X-Client-IP="13.57.255.252" X-Client-Port="55793" >
  <step title="Cleanup Xml Logs" date="2025-10-24T19:28:45.376" /><!-- duration: 8ms -->
  <step title="ZipPushDeploy" date="2025-10-24T19:28:45.393" >
    <step title="ZipDeploy. Extract zip. Remote build." date="2025-10-24T19:28:45.400" /><!-- duration: 3ms -->
    <step title="Starting PushDeployAsync" date="2025-10-24T19:28:45.409" /><!-- duration: 3ms -->
    <step title="Writing artifact to /tmp/zipdeploy/5fd778ab-2698-4c8e-9b55-4da2c5899f2e.zip" date="2025-10-24T19:28:45.421" >
      <step title="Writing multipart request body to /tmp/zipdeploy/5fd778ab-2698-4c8e-9b55-4da2c5899f2e.zip" date="2025-10-24T19:28:45.425" /><!-- duration: 3ms -->
    </step><!-- duration: 17ms -->
    <step title="Removing previous build artifact&apos;s manifest file" date="2025-10-24T19:28:45.443" >
      <step title="Start deployment in the background" date="2025-10-24T19:28:45.454" >
        <step title="Acquiring Deployment Lock" date="2025-10-24T19:28:45.470" /><!-- duration: 3ms -->
        <step title="Acquired Deployment Lock" date="2025-10-24T19:28:45.496" /><!-- duration: 3ms -->
      </step><!-- duration: 120ms -->
    </step><!-- duration: 135ms -->
    <step title="Outgoing response" date="2025-10-24T19:28:45.584" type="response" statusCode="202" statusText="Accepted" /><!-- duration: 3ms -->
  </step><!-- duration: 197ms -->
