<step title="Incoming Request" date="2025-10-24T18:28:29.037" instance="852031" url="/api/zipdeploy?isAsync=true" method="POST" type="request" pid="821,1,39" Accept="*/*" Host="profilepicapp-c2p7wl.scm.azurewebsites.net" User-Agent="AZURECLI/2.77.0 (MSI)" Accept-Encoding="gzip, deflate" Authorization="Bas..." Cache-Control="no-cache" Content-Type="application/octet-stream" Content-Length="3597710" x-ms-client-request-id="39c9ba28-b107-11f0-a2f5-7cb566a8793c" x-ms-artifact-checksum="569153d9a45e033a09dce1e9aa52e468e5218cc6c5a1df84c722f0bba6ab0c87" X-ARR-LOG-ID="39c9ba28-b107-11f0-a2f5-7cb566a8793c" CLIENT-IP="13.57.255.252:54191" X-SITE-DEPLOYMENT-ID="profilepicapp-c2p7wl" WAS-DEFAULT-HOSTNAME="profilepicapp-c2p7wl.scm.azurewebsites.net" X-Forwarded-Proto="https" X-AppService-Proto="https" X-Forwarded-TlsVersion="1.3" X-WAWS-Unencoded-URL="/api/zipdeploy?isAsync=true" X-Client-IP="13.57.255.252" X-Client-Port="54191" >
  <step title="Cleanup Xml Logs" date="2025-10-24T18:28:29.041" /><!-- duration: 7ms -->
  <step title="ZipPushDeploy" date="2025-10-24T18:28:29.073" >
    <step title="ZipDeploy. Extract zip. Remote build." date="2025-10-24T18:28:29.080" /><!-- duration: 7ms -->
    <step title="Starting PushDeployAsync" date="2025-10-24T18:28:29.096" /><!-- duration: 4ms -->
    <step title="Writing artifact to /tmp/zipdeploy/c706682f-6507-447c-81fe-b851062c4616.zip" date="2025-10-24T18:28:29.123" >
      <step title="Writing multipart request body to /tmp/zipdeploy/c706682f-6507-447c-81fe-b851062c4616.zip" date="2025-10-24T18:28:29.126" /><!-- duration: 3ms -->
    </step><!-- duration: 521ms -->
    <step title="Removing previous build artifact&apos;s manifest file" date="2025-10-24T18:28:29.649" >
      <step title="Start deployment in the background" date="2025-10-24T18:28:29.661" >
        <step title="Acquiring Deployment Lock" date="2025-10-24T18:28:29.671" /><!-- duration: 5ms -->
        <step title="Acquired Deployment Lock" date="2025-10-24T18:28:29.723" /><!-- duration: 4ms -->
      </step><!-- duration: 136ms -->
    </step><!-- duration: 164ms -->
    <step title="Outgoing response" date="2025-10-24T18:28:29.819" type="response" statusCode="202" statusText="Accepted" /><!-- duration: 3ms -->
  </step><!-- duration: 753ms -->
