<step title="BackgroundTrace" date="2025-10-24T17:52:46.510" instance="852031" url="/api/zipdeploy" method="POST" >
  <step title="Creating temporary deployment - FetchDeploymentManager" date="2025-10-24T17:52:46.644" /><!-- duration: 10ms -->
  <step title="Creating temporary deployment" date="2025-10-24T17:52:46.688" /><!-- duration: 121ms -->
  <step title="Performing fetch based deployment" date="2025-10-24T17:52:46.860" >
    <step title="Cleaning up temp folders from previous zip deployments and extracting pushed zip file /tmp/zipdeploy/4156c451-11e5-4fbe-ac9f-df24453ba810.zip (0.76 MB) to /tmp/zipdeploy/extracted" date="2025-10-24T17:52:48.059" >
      <step title="ChmodRecursive Process exited with total time taken in ms: 127" date="2025-10-24T17:52:48.455" /><!-- duration: 4ms -->
    </step><!-- duration: 413ms -->
    <step title="Deployment timer started" date="2025-10-24T17:52:50.501" >
      <step title="DeploymentManager.Deploy(id:0d75997d-d1a3-49ff-9e49-e21c720f0c5b)" date="2025-10-24T17:52:50.518" >
        <step title="Collecting changeset information" date="2025-10-24T17:52:50.540" /><!-- duration: 123ms -->
        <step title="Updating submodules" date="2025-10-24T17:52:50.669" /><!-- duration: 1122ms -->
        <step title="Determining deployment builder" date="2025-10-24T17:52:52.120" >
          <step title="Builder is OryxBuilder" date="2025-10-24T17:52:52.136" /><!-- duration: 30ms -->
        </step><!-- duration: 106ms -->
        <step title="PreDeployment: context.CleanOutputPath False" date="2025-10-24T17:52:52.294" >
          <step title="PreDeployment: context.OutputPath /home/site/wwwroot" date="2025-10-24T17:52:52.440" >
            <step title="Building" date="2025-10-24T17:52:52.610" >
              <step title="Executing external process" date="2025-10-24T17:52:53.272" type="process" path="bash" arguments="-c &quot;oryx build /tmp/zipdeploy/extracted -o /home/site/wwwroot --platform python --platform-version 3.13 -p virtualenv_name=antenv --log-file /tmp/build-debug.log  -i /tmp/8de1326274f0197 --compress-destination-dir | tee /tmp/oryx-build.log ; exit $PIPESTATUS &quot;" /><!-- duration: 22788ms -->
              <step title="Using PythonDeploymentLogParser" date="2025-10-24T17:53:16.694" /><!-- duration: 7ms -->
              <step title="Triggering recycle (preview mode disabled)." date="2025-10-24T17:53:19.395" /><!-- duration: 8ms -->
              <step title="Modified file to trigger a restart of the app container." date="2025-10-24T17:53:19.450" /><!-- duration: 3ms -->
              <step title="Skip function trigger and logicapp sync because function is not enabled." date="2025-10-24T17:53:19.471" /><!-- duration: 9ms -->
            </step><!-- duration: 30071ms -->
          </step><!-- duration: 30251ms -->
          <step title="Cleaning up temp files" date="2025-10-24T17:53:22.694" /><!-- duration: 2050ms -->
          <step title="Cleaning up temp files" date="2025-10-24T17:53:24.748" /><!-- duration: 515ms -->
          <step title="Reloading status file with latest updates" date="2025-10-24T17:53:25.324" >
            <step title="WebHooksManager.PublishEventAsync: PostDeployment" date="2025-10-24T17:53:25.328" /><!-- duration: 111ms -->
          </step><!-- duration: 120ms -->
          <step title="Cleaning up temporary deployment - fetch deployment was successful" date="2025-10-24T17:53:25.457" /><!-- duration: 3ms -->
        </step><!-- duration: 33218ms -->
      </step><!-- duration: 35016ms -->
