<step title="Incoming Request" date="2025-10-24T19:03:20.150" instance="852031" url="/api/zipdeploy?isAsync=true" method="POST" type="request" pid="821,1,59" Accept="*/*" Host="profilepicapp-c2p7wl.scm.azurewebsites.net" User-Agent="AZURECLI/2.77.0 (MSI)" Accept-Encoding="gzip, deflate" Authorization="Bas..." Cache-Control="no-cache" Content-Type="application/octet-stream" Content-Length="10005" x-ms-client-request-id="17fad0c1-b10c-11f0-adbb-7cb566a8793c" x-ms-artifact-checksum="fc3364fe919e430651e91fa226c5522a86566f2a9e5df3881a1dd9de1858bb80" X-ARR-LOG-ID="17fad0c1-b10c-11f0-adbb-7cb566a8793c" CLIENT-IP="13.57.255.252:49921" X-SITE-DEPLOYMENT-ID="profilepicapp-c2p7wl" WAS-DEFAULT-HOSTNAME="profilepicapp-c2p7wl.scm.azurewebsites.net" X-Forwarded-Proto="https" X-AppService-Proto="https" X-Forwarded-TlsVersion="1.3" X-WAWS-Unencoded-URL="/api/zipdeploy?isAsync=true" X-Client-IP="13.57.255.252" X-Client-Port="49921" >
  <step title="Cleanup Xml Logs" date="2025-10-24T19:03:20.168" /><!-- duration: 20ms -->
  <step title="ZipPushDeploy" date="2025-10-24T19:03:20.713" >
    <step title="ZipDeploy. Extract zip. Remote build." date="2025-10-24T19:03:20.787" /><!-- duration: 6ms -->
    <step title="Starting PushDeployAsync" date="2025-10-24T19:03:20.846" /><!-- duration: 35ms -->
    <step title="Writing artifact to /tmp/zipdeploy/241b4d57-dffb-4ae5-8572-2772e5a268b9.zip" date="2025-10-24T19:03:20.921" >
      <step title="Writing multipart request body to /tmp/zipdeploy/241b4d57-dffb-4ae5-8572-2772e5a268b9.zip" date="2025-10-24T19:03:20.926" /><!-- duration: 4ms -->
    </step><!-- duration: 104ms -->
    <step title="Removing previous build artifact&apos;s manifest file" date="2025-10-24T19:03:21.033" >
      <step title="Start deployment in the background" date="2025-10-24T19:03:21.059" >
        <step title="Acquiring Deployment Lock" date="2025-10-24T19:03:21.101" /><!-- duration: 4ms -->
        <step title="Acquired Deployment Lock" date="2025-10-24T19:03:21.214" /><!-- duration: 7ms -->
      </step><!-- duration: 317ms -->
    </step><!-- duration: 373ms -->
    <step title="Outgoing response" date="2025-10-24T19:03:21.429" type="response" statusCode="202" statusText="Accepted" /><!-- duration: 4ms -->
  </step><!-- duration: 723ms -->
