<step title="Incoming Request" date="2025-10-24T17:59:12.199" instance="852031" url="/api/zipdeploy?isAsync=true" method="POST" type="request" pid="821,1,47" Accept="*/*" Host="profilepicapp-c2p7wl.scm.azurewebsites.net" User-Agent="AZURECLI/2.77.0 (MSI)" Accept-Encoding="gzip, deflate" Authorization="Bas..." Cache-Control="no-cache" Content-Type="application/octet-stream" Content-Length="803925" x-ms-client-request-id="22b4396e-b103-11f0-98f2-7cb566a8793c" x-ms-artifact-checksum="ed76e599d55d54ab37520895f06911532a71efe51a080a22f61a8f55d717874a" X-ARR-LOG-ID="22b4396e-b103-11f0-98f2-7cb566a8793c" CLIENT-IP="13.57.255.252:59993" X-SITE-DEPLOYMENT-ID="profilepicapp-c2p7wl" WAS-DEFAULT-HOSTNAME="profilepicapp-c2p7wl.scm.azurewebsites.net" X-Forwarded-Proto="https" X-AppService-Proto="https" X-Forwarded-TlsVersion="1.3" X-WAWS-Unencoded-URL="/api/zipdeploy?isAsync=true" X-Client-IP="13.57.255.252" X-Client-Port="59993" >
  <step title="Cleanup Xml Logs" date="2025-10-24T17:59:12.206" /><!-- duration: 32ms -->
  <step title="ZipPushDeploy" date="2025-10-24T17:59:12.343" >
    <step title="ZipDeploy. Extract zip. Remote build." date="2025-10-24T17:59:12.356" /><!-- duration: 4ms -->
    <step title="Starting PushDeployAsync" date="2025-10-24T17:59:12.366" /><!-- duration: 4ms -->
    <step title="Writing artifact to /tmp/zipdeploy/a4ec9ad5-b8f7-412b-8c1e-fa03a23bd5d5.zip" date="2025-10-24T17:59:12.379" >
      <step title="Writing multipart request body to /tmp/zipdeploy/a4ec9ad5-b8f7-412b-8c1e-fa03a23bd5d5.zip" date="2025-10-24T17:59:12.383" /><!-- duration: 4ms -->
    </step><!-- duration: 70ms -->
    <step title="Removing previous build artifact&apos;s manifest file" date="2025-10-24T17:59:12.457" >
      <step title="Start deployment in the background" date="2025-10-24T17:59:12.495" >
        <step title="Acquiring Deployment Lock" date="2025-10-24T17:59:12.504" /><!-- duration: 5ms -->
        <step title="Acquired Deployment Lock" date="2025-10-24T17:59:12.539" /><!-- duration: 4ms -->
      </step><!-- duration: 107ms -->
    </step><!-- duration: 165ms -->
    <step title="Outgoing response" date="2025-10-24T17:59:12.627" type="response" statusCode="202" statusText="Accepted" /><!-- duration: 7ms -->
  </step><!-- duration: 296ms -->
