<step title="BackgroundTrace" date="2025-10-24T19:24:58.469" instance="852031" url="/api/zipdeploy" method="POST" >
  <step title="Creating temporary deployment - FetchDeploymentManager" date="2025-10-24T19:24:58.555" /><!-- duration: 2ms -->
  <step title="Creating temporary deployment" date="2025-10-24T19:24:58.561" /><!-- duration: 94ms -->
  <step title="Performing fetch based deployment" date="2025-10-24T19:24:58.733" >
    <step title="Cleaning up temp folders from previous zip deployments and extracting pushed zip file /tmp/zipdeploy/89497aea-3e22-4f6e-8ff1-cbbb6b47d9dd.zip (0.01 MB) to /tmp/zipdeploy/extracted" date="2025-10-24T19:24:59.934" >
      <step title="ChmodRecursive Process exited with total time taken in ms: 50" date="2025-10-24T19:25:00.035" /><!-- duration: 16ms -->
    </step><!-- duration: 169ms -->
    <step title="Deployment timer started" date="2025-10-24T19:25:02.131" >
      <step title="DeploymentManager.Deploy(id:0cf01ddc-7097-4a2a-8614-215514ae8b0c)" date="2025-10-24T19:25:02.140" >
        <step title="Collecting changeset information" date="2025-10-24T19:25:02.157" /><!-- duration: 122ms -->
        <step title="Updating submodules" date="2025-10-24T19:25:02.287" /><!-- duration: 1946ms -->
        <step title="Determining deployment builder" date="2025-10-24T19:25:04.584" >
          <step title="Builder is OryxBuilder" date="2025-10-24T19:25:04.597" /><!-- duration: 4ms -->
        </step><!-- duration: 24ms -->
        <step title="PreDeployment: context.CleanOutputPath False" date="2025-10-24T19:25:04.675" >
          <step title="PreDeployment: context.OutputPath /home/site/wwwroot" date="2025-10-24T19:25:04.853" >
            <step title="Building" date="2025-10-24T19:25:04.994" >
              <step title="Executing external process" date="2025-10-24T19:25:05.305" type="process" path="bash" arguments="-c &quot;oryx build /tmp/zipdeploy/extracted -o /home/site/wwwroot --platform python --platform-version 3.13 -p virtualenv_name=antenv --log-file /tmp/build-debug.log  -i /tmp/8de133308dd5359 --compress-destination-dir | tee /tmp/oryx-build.log ; exit $PIPESTATUS &quot;" /><!-- duration: 20131ms -->
              <step title="Using PythonDeploymentLogParser" date="2025-10-24T19:25:25.849" /><!-- duration: 3ms -->
              <step title="Triggering recycle (preview mode disabled)." date="2025-10-24T19:25:27.251" /><!-- duration: 7ms -->
              <step title="Modified file to trigger a restart of the app container." date="2025-10-24T19:25:27.295" /><!-- duration: 4ms -->
              <step title="Skip function trigger and logicapp sync because function is not enabled." date="2025-10-24T19:25:27.305" /><!-- duration: 4ms -->
            </step><!-- duration: 24828ms -->
          </step><!-- duration: 24979ms -->
          <step title="Cleaning up temp files" date="2025-10-24T19:25:29.840" /><!-- duration: 1736ms -->
          <step title="Cleaning up temp files" date="2025-10-24T19:25:31.586" /><!-- duration: 517ms -->
          <step title="Reloading status file with latest updates" date="2025-10-24T19:25:32.145" >
            <step title="WebHooksManager.PublishEventAsync: PostDeployment" date="2025-10-24T19:25:32.152" /><!-- duration: 40ms -->
          </step><!-- duration: 54ms -->
          <step title="Cleaning up temporary deployment - fetch deployment was successful" date="2025-10-24T19:25:32.211" /><!-- duration: 6ms -->
        </step><!-- duration: 27601ms -->
      </step><!-- duration: 30156ms -->
