<step title="BackgroundTrace" date="2025-10-24T19:03:21.071" instance="852031" url="/api/zipdeploy" method="POST" >
  <step title="Creating temporary deployment - FetchDeploymentManager" date="2025-10-24T19:03:21.225" /><!-- duration: 4ms -->
  <step title="Creating temporary deployment" date="2025-10-24T19:03:21.242" /><!-- duration: 128ms -->
  <step title="Performing fetch based deployment" date="2025-10-24T19:03:21.462" >
    <step title="Cleaning up temp folders from previous zip deployments and extracting pushed zip file /tmp/zipdeploy/241b4d57-dffb-4ae5-8572-2772e5a268b9.zip (0.01 MB) to /tmp/zipdeploy/extracted" date="2025-10-24T19:03:22.679" >
      <step title="ChmodRecursive Process exited with total time taken in ms: 85" date="2025-10-24T19:03:22.881" /><!-- duration: 4ms -->
    </step><!-- duration: 243ms -->
    <step title="Deployment timer started" date="2025-10-24T19:03:24.948" >
      <step title="DeploymentManager.Deploy(id:06ac9420-767d-4036-be21-fa8d688c14cb)" date="2025-10-24T19:03:24.978" >
        <step title="Collecting changeset information" date="2025-10-24T19:03:24.992" /><!-- duration: 107ms -->
        <step title="Updating submodules" date="2025-10-24T19:03:25.114" /><!-- duration: 1136ms -->
        <step title="Determining deployment builder" date="2025-10-24T19:03:27.055" >
          <step title="Builder is OryxBuilder" date="2025-10-24T19:03:27.072" /><!-- duration: 6ms -->
        </step><!-- duration: 30ms -->
        <step title="PreDeployment: context.CleanOutputPath False" date="2025-10-24T19:03:27.154" >
          <step title="PreDeployment: context.OutputPath /home/site/wwwroot" date="2025-10-24T19:03:28.423" >
            <step title="Building" date="2025-10-24T19:03:29.201" >
              <step title="Executing external process" date="2025-10-24T19:03:29.554" type="process" path="bash" arguments="-c &quot;oryx build /tmp/zipdeploy/extracted -o /home/site/wwwroot --platform python --platform-version 3.13 -p virtualenv_name=antenv --log-file /tmp/build-debug.log  -i /tmp/8de1330037af0bc --compress-destination-dir | tee /tmp/oryx-build.log ; exit $PIPESTATUS &quot;" /><!-- duration: 15168ms -->
              <step title="Using PythonDeploymentLogParser" date="2025-10-24T19:03:45.154" /><!-- duration: 5ms -->
              <step title="Triggering recycle (preview mode disabled)." date="2025-10-24T19:03:46.358" /><!-- duration: 10ms -->
              <step title="Modified file to trigger a restart of the app container." date="2025-10-24T19:03:46.407" /><!-- duration: 5ms -->
              <step title="Skip function trigger and logicapp sync because function is not enabled." date="2025-10-24T19:03:46.425" /><!-- duration: 9ms -->
            </step><!-- duration: 18590ms -->
          </step><!-- duration: 19373ms -->
          <step title="Cleaning up temp files" date="2025-10-24T19:03:47.798" /><!-- duration: 1802ms -->
          <step title="Cleaning up temp files" date="2025-10-24T19:03:49.615" /><!-- duration: 522ms -->
          <step title="Reloading status file with latest updates" date="2025-10-24T19:03:50.177" >
            <step title="WebHooksManager.PublishEventAsync: PostDeployment" date="2025-10-24T19:03:50.184" /><!-- duration: 49ms -->
          </step><!-- duration: 94ms -->
          <step title="Cleaning up temporary deployment - fetch deployment was successful" date="2025-10-24T19:03:50.279" /><!-- duration: 3ms -->
        </step><!-- duration: 23199ms -->
      </step><!-- duration: 25425ms -->
