<step title="Incoming Request" date="2025-10-24T17:52:46.153" instance="852031" url="/api/zipdeploy?isAsync=true" method="POST" type="request" pid="821,1,52" Accept="*/*" Host="profilepicapp-c2p7wl.scm.azurewebsites.net" User-Agent="AZURECLI/2.77.0 (MSI)" Accept-Encoding="gzip, deflate" Authorization="Bas..." Cache-Control="no-cache" Content-Type="application/octet-stream" Content-Length="801671" x-ms-client-request-id="3c9b5cff-b102-11f0-b91d-7cb566a8793c" x-ms-artifact-checksum="a760f09b291687c5e1fe836fa694c4c981fa840f155a43cfa8490d8d5c68ae36" X-ARR-LOG-ID="3c9b5cff-b102-11f0-b91d-7cb566a8793c" CLIENT-IP="13.57.255.252:53745" X-SITE-DEPLOYMENT-ID="profilepicapp-c2p7wl" WAS-DEFAULT-HOSTNAME="profilepicapp-c2p7wl.scm.azurewebsites.net" X-Forwarded-Proto="https" X-AppService-Proto="https" X-Forwarded-TlsVersion="1.3" X-WAWS-Unencoded-URL="/api/zipdeploy?isAsync=true" X-Client-IP="13.57.255.252" X-Client-Port="53745" >
  <step title="Cleanup Xml Logs" date="2025-10-24T17:52:46.158" /><!-- duration: 6ms -->
  <step title="ZipPushDeploy" date="2025-10-24T17:52:46.214" >
    <step title="ZipDeploy. Extract zip. Remote build." date="2025-10-24T17:52:46.234" /><!-- duration: 4ms -->
    <step title="Starting PushDeployAsync" date="2025-10-24T17:52:46.250" /><!-- duration: 4ms -->
    <step title="Writing artifact to /tmp/zipdeploy/4156c451-11e5-4fbe-ac9f-df24453ba810.zip" date="2025-10-24T17:52:46.285" >
      <step title="Writing multipart request body to /tmp/zipdeploy/4156c451-11e5-4fbe-ac9f-df24453ba810.zip" date="2025-10-24T17:52:46.301" /><!-- duration: 10ms -->
    </step><!-- duration: 186ms -->
    <step title="Removing previous build artifact&apos;s manifest file" date="2025-10-24T17:52:46.483" >
      <step title="Start deployment in the background" date="2025-10-24T17:52:46.503" >
        <step title="Acquiring Deployment Lock" date="2025-10-24T17:52:46.528" /><!-- duration: 19ms -->
        <step title="Acquired Deployment Lock" date="2025-10-24T17:52:46.634" /><!-- duration: 6ms -->
      </step><!-- duration: 310ms -->
    </step><!-- duration: 354ms -->
    <step title="Outgoing response" date="2025-10-24T17:52:46.844" type="response" statusCode="202" statusText="Accepted" /><!-- duration: 5ms -->
  </step><!-- duration: 637ms -->
