<step title="Incoming Request" date="2025-10-24T19:24:58.273" instance="852031" url="/api/zipdeploy?isAsync=true" method="POST" type="request" pid="821,1,27" Accept="*/*" Host="profilepicapp-c2p7wl.scm.azurewebsites.net" User-Agent="AZURECLI/2.77.0 (MSI)" Accept-Encoding="gzip, deflate" Authorization="Bas..." Cache-Control="no-cache" Content-Type="application/octet-stream" Content-Length="10007" x-ms-client-request-id="1e926b2a-b10f-11f0-af21-7cb566a8793c" x-ms-artifact-checksum="0d2d3c440c6bbe3def929f0eec2443ea916c55786759dd631c9f82a1b9a0bb10" X-ARR-LOG-ID="1e926b2a-b10f-11f0-af21-7cb566a8793c" CLIENT-IP="13.57.255.252:53018" X-SITE-DEPLOYMENT-ID="profilepicapp-c2p7wl" WAS-DEFAULT-HOSTNAME="profilepicapp-c2p7wl.scm.azurewebsites.net" X-Forwarded-Proto="https" X-AppService-Proto="https" X-Forwarded-TlsVersion="1.3" X-WAWS-Unencoded-URL="/api/zipdeploy?isAsync=true" X-Client-IP="13.57.255.252" X-Client-Port="53018" >
  <step title="Cleanup Xml Logs" date="2025-10-24T19:24:58.278" /><!-- duration: 6ms -->
  <step title="ZipPushDeploy" date="2025-10-24T19:24:58.313" >
    <step title="ZipDeploy. Extract zip. Remote build." date="2025-10-24T19:24:58.327" /><!-- duration: 3ms -->
    <step title="Starting PushDeployAsync" date="2025-10-24T19:24:58.336" /><!-- duration: 5ms -->
    <step title="Writing artifact to /tmp/zipdeploy/89497aea-3e22-4f6e-8ff1-cbbb6b47d9dd.zip" date="2025-10-24T19:24:58.356" >
      <step title="Writing multipart request body to /tmp/zipdeploy/89497aea-3e22-4f6e-8ff1-cbbb6b47d9dd.zip" date="2025-10-24T19:24:58.371" /><!-- duration: 6ms -->
    </step><!-- duration: 78ms -->
    <step title="Removing previous build artifact&apos;s manifest file" date="2025-10-24T19:24:58.439" >
      <step title="Start deployment in the background" date="2025-10-24T19:24:58.462" >
        <step title="Acquiring Deployment Lock" date="2025-10-24T19:24:58.497" /><!-- duration: 5ms -->
        <step title="Acquired Deployment Lock" date="2025-10-24T19:24:58.549" /><!-- duration: 3ms -->
      </step><!-- duration: 197ms -->
    </step><!-- duration: 248ms -->
    <step title="Outgoing response" date="2025-10-24T19:24:58.715" type="response" statusCode="202" statusText="Accepted" /><!-- duration: 3ms -->
  </step><!-- duration: 408ms -->
