<step title="Incoming Request" date="2025-10-24T21:58:39.472" instance="ee0035" url="/api/publish?type=zip&amp;async=True" method="POST" type="request" pid="767,1,24" Accept="*/*" Host="profilepicapp-classifier-c2p7wl.scm.azurewebsites.net" User-Agent="AZURECLI/2.77.0 (MSI)" Accept-Encoding="gzip, deflate" Authorization="Bas..." Cache-Control="no-cache" Content-Type="application/octet-stream" Cookie="ARRAffinity=ee00351edb214140ed3eef9a689738fb2c35ab3be4f5afe15f197eec1823d4ee; ARRAffinitySameSite=ee00351edb214140ed3eef9a689738fb2c35ab3be4f5afe15f197eec1823d4ee" Content-Length="93398661" x-ms-client-request-id="94cd1fda-b124-11f0-bff6-7cb566a8793c" x-ms-artifact-checksum="1a91af5cfb7f463190ac85224e2163b0526310e019efee3ad738634fe2dbafe8" X-ARR-LOG-ID="94cd1fda-b124-11f0-bff6-7cb566a8793c" CLIENT-IP="13.57.255.252:60905" X-SITE-DEPLOYMENT-ID="profilepicapp-classifier-c2p7wl" WAS-DEFAULT-HOSTNAME="profilepicapp-classifier-c2p7wl.scm.azurewebsites.net" X-Forwarded-Proto="https" X-AppService-Proto="https" X-Forwarded-TlsVersion="1.3" X-WAWS-Unencoded-URL="/api/publish?type=zip&amp;async=True" X-Client-IP="13.57.255.252" X-Client-Port="60905" >
  <step title="OneDeploy" date="2025-10-24T21:58:39.495" >
    <step title="Starting PushDeployAsync" date="2025-10-24T21:58:39.505" /><!-- duration: 4ms -->
    <step title="Writing artifact to /tmp/zipdeploy/b68bcde4-4966-454e-a19a-770c041ee63f.zip" date="2025-10-24T21:58:39.521" >
      <step title="Writing multipart request body to /tmp/zipdeploy/b68bcde4-4966-454e-a19a-770c041ee63f.zip" date="2025-10-24T21:58:39.524" /><!-- duration: 7ms -->
    </step><!-- duration: 5457ms -->
    <step title="Removing previous build artifact&apos;s manifest file" date="2025-10-24T21:58:44.990" >
      <step title="Start deployment in the background" date="2025-10-24T21:58:45.001" >
        <step title="Acquiring Deployment Lock" date="2025-10-24T21:58:45.106" /><!-- duration: 2ms -->
        <step title="Acquired Deployment Lock" date="2025-10-24T21:58:45.135" /><!-- duration: 2ms -->
      </step><!-- duration: 196ms -->
    </step><!-- duration: 218ms -->
    <step title="Outgoing response" date="2025-10-24T21:58:45.210" type="response" statusCode="202" statusText="Accepted" /><!-- duration: 2ms -->
  </step><!-- duration: 5720ms -->
