<step title="Incoming Request" date="2025-10-24T21:52:46.345" instance="ee0035" url="/api/publish?type=zip&amp;async=False" method="POST" type="request" pid="767,1,17" Accept="*/*" Host="profilepicapp-classifier-c2p7wl.scm.azurewebsites.net" User-Agent="AZURECLI/2.77.0 (MSI)" Accept-Encoding="gzip, deflate" Authorization="Bas..." Cache-Control="no-cache" Content-Type="application/octet-stream" Cookie="ARRAffinity=ee00351edb214140ed3eef9a689738fb2c35ab3be4f5afe15f197eec1823d4ee; ARRAffinitySameSite=ee00351edb214140ed3eef9a689738fb2c35ab3be4f5afe15f197eec1823d4ee" Content-Length="93398664" x-ms-client-request-id="c244469e-b123-11f0-a239-7cb566a8793c" x-ms-artifact-checksum="0d6874e257dac2844c3b4c6e16a088cba58efacf3522d5121098c0a191a644d9" X-ARR-LOG-ID="c244469e-b123-11f0-a239-7cb566a8793c" CLIENT-IP="13.57.255.252:53933" X-SITE-DEPLOYMENT-ID="profilepicapp-classifier-c2p7wl" WAS-DEFAULT-HOSTNAME="profilepicapp-classifier-c2p7wl.scm.azurewebsites.net" X-Forwarded-Proto="https" X-AppService-Proto="https" X-Forwarded-TlsVersion="1.3" X-WAWS-Unencoded-URL="/api/publish?type=zip&amp;async=False" X-Client-IP="13.57.255.252" X-Client-Port="53933" >
  <step title="OneDeploy" date="2025-10-24T21:52:46.479" >
    <step title="None repository commit" date="2025-10-24T21:52:46.529" >
      <step title="Commit id: 80531821-220b-40dc-9025-aadcfe0ec7e9" date="2025-10-24T21:52:46.545" Message="N/A" AuthorName="N/A" AuthorEmail="N/A" /><!-- duration: 2ms -->
    </step><!-- duration: 21ms -->
    <step title="Starting PushDeployAsync" date="2025-10-24T21:52:46.553" /><!-- duration: 2ms -->
    <step title="Writing artifact to /tmp/zipdeploy/b8985773-68ef-4251-b00e-4b88609f9e85.zip" date="2025-10-24T21:52:46.576" >
      <step title="Writing multipart request body to /tmp/zipdeploy/b8985773-68ef-4251-b00e-4b88609f9e85.zip" date="2025-10-24T21:52:46.587" /><!-- duration: 8ms -->
    </step><!-- duration: 3844ms -->
    <step title="Removing previous build artifact&apos;s manifest file" date="2025-10-24T21:52:50.433" >
      <step title="Attempting to fetch target branch HEAD" date="2025-10-24T21:52:50.456" /><!-- duration: 4ms -->
      <step title="Acquiring Deployment Lock" date="2025-10-24T21:52:50.465" /><!-- duration: 10ms -->
      <step title="Acquired Deployment Lock" date="2025-10-24T21:52:50.512" /><!-- duration: 3ms -->
      <step title="Performing fetch based deployment" date="2025-10-24T21:52:50.521" >
        <step title="Creating temporary deployment" date="2025-10-24T21:52:50.524" /><!-- duration: 76ms -->
        <step title="Releasing Deployment Lock" date="2025-10-24T21:52:51.755" /><!-- duration: 4ms -->
        <step title="Cleaning up temp folders from previous zip deployments and extracting pushed zip file /tmp/zipdeploy/b8985773-68ef-4251-b00e-4b88609f9e85.zip (89.07 MB) to /tmp/zipdeploy/extracted" date="2025-10-24T21:52:51.798" >
          <step title="ChmodRecursive Process exited with total time taken in ms: 300" date="2025-10-24T21:52:55.238" /><!-- duration: 16ms -->
        </step><!-- duration: 3465ms -->
        <step title="None repository commit" date="2025-10-24T21:52:55.275" >
          <step title="Commit id: 80531821-220b-40dc-9025-aadcfe0ec7e9" date="2025-10-24T21:52:55.283" Message="OneDeploy" AuthorName="N/A" AuthorEmail="N/A" /><!-- duration: 3ms -->
        </step><!-- duration: 13ms -->
        <step title="Deployment timer started" date="2025-10-24T21:52:57.295" >
          <step title="DeploymentManager.Deploy(id:80531821-220b-40dc-9025-aadcfe0ec7e9)" date="2025-10-24T21:52:57.300" >
            <step title="Collecting changeset information" date="2025-10-24T21:52:57.327" /><!-- duration: 84ms -->
            <step title="Updating submodules" date="2025-10-24T21:52:57.419" /><!-- duration: 1157ms -->
            <step title="Determining deployment builder" date="2025-10-24T21:52:58.847" >
              <step title="Builder is OryxBuilder" date="2025-10-24T21:52:58.873" /><!-- duration: 11ms -->
            </step><!-- duration: 46ms -->
            <step title="PreDeployment: context.CleanOutputPath False" date="2025-10-24T21:52:58.950" >
              <step title="PreDeployment: context.OutputPath /home/site/wwwroot" date="2025-10-24T21:52:59.068" >
                <step title="Building" date="2025-10-24T21:52:59.215" >
                  <step title="Executing external process" date="2025-10-24T21:52:59.516" type="process" path="bash" arguments="-c &quot;oryx build /tmp/zipdeploy/extracted -o /home/site/wwwroot --platform python --platform-version 3.11 -p virtualenv_name=antenv --log-file /tmp/build-debug.log  -i /tmp/8de1347b25afdc7 --compress-destination-dir | tee /tmp/oryx-build.log ; exit $PIPESTATUS &quot;" /><!-- duration: 79242ms -->
                  <step title="Using PythonDeploymentLogParser" date="2025-10-24T21:54:19.155" /><!-- duration: 7ms -->
                  <step title="Modified file to trigger a restart of the app container." date="2025-10-24T21:54:20.559" /><!-- duration: 2ms -->
                  <step title="Skip function trigger and logicapp sync because function is not enabled." date="2025-10-24T21:54:20.566" /><!-- duration: 18ms -->
                </step><!-- duration: 82114ms -->
              </step><!-- duration: 82267ms -->
              <step title="Cleaning up temp files" date="2025-10-24T21:54:21.337" /><!-- duration: 1817ms -->
              <step title="Cleaning up temp files" date="2025-10-24T21:54:23.158" /><!-- duration: 506ms -->
              <step title="Reloading status file with latest updates" date="2025-10-24T21:54:23.707" >
                <step title="WebHooksManager.PublishEventAsync: PostDeployment" date="2025-10-24T21:54:23.710" /><!-- duration: 92ms -->
              </step><!-- duration: 98ms -->
              <step title="Cleaning up temporary deployment - fetch deployment was successful" date="2025-10-24T21:54:23.810" /><!-- duration: 3ms -->
            </step><!-- duration: 84906ms -->
          </step><!-- duration: 86561ms -->
          <step title="Outgoing response" date="2025-10-24T21:54:23.874" type="response" statusCode="200" statusText="OK" /><!-- duration: 3ms -->
        </step><!-- duration: 86584ms -->
