<step title="BackgroundTrace" date="2025-10-24T21:58:45.037" instance="ee0035" url="/api/publish" method="POST" >
  <step title="Cleanup Xml Logs" date="2025-10-24T21:58:45.045" /><!-- duration: 19ms -->
  <step title="Creating temporary deployment - FetchDeploymentManager" date="2025-10-24T21:58:45.140" /><!-- duration: 3ms -->
  <step title="Creating temporary deployment" date="2025-10-24T21:58:45.146" /><!-- duration: 47ms -->
  <step title="Performing fetch based deployment" date="2025-10-24T21:58:45.223" >
    <step title="Cleaning up temp folders from previous zip deployments and extracting pushed zip file /tmp/zipdeploy/b68bcde4-4966-454e-a19a-770c041ee63f.zip (89.07 MB) to /tmp/zipdeploy/extracted" date="2025-10-24T21:58:46.587" >
      <step title="ChmodRecursive Process exited with total time taken in ms: 81" date="2025-10-24T21:58:50.108" /><!-- duration: 10ms -->
    </step><!-- duration: 3551ms -->
    <step title="Deployment timer started" date="2025-10-24T21:58:52.167" >
      <step title="DeploymentManager.Deploy(id:06c01bf5-6aba-4d90-91e3-20720e9aaaf4)" date="2025-10-24T21:58:52.176" >
        <step title="Collecting changeset information" date="2025-10-24T21:58:52.203" /><!-- duration: 109ms -->
        <step title="Updating submodules" date="2025-10-24T21:58:52.316" /><!-- duration: 1132ms -->
        <step title="Determining deployment builder" date="2025-10-24T21:58:53.703" >
          <step title="Builder is OryxBuilder" date="2025-10-24T21:58:53.713" /><!-- duration: 19ms -->
        </step><!-- duration: 33ms -->
        <step title="PreDeployment: context.CleanOutputPath False" date="2025-10-24T21:58:53.800" >
          <step title="PreDeployment: context.OutputPath /home/site/wwwroot" date="2025-10-24T21:58:53.917" >
            <step title="Building" date="2025-10-24T21:58:54.038" >
              <step title="Executing external process" date="2025-10-24T21:58:54.689" type="process" path="bash" arguments="-c &quot;oryx build /tmp/zipdeploy/extracted -o /home/site/wwwroot --platform python --platform-version 3.11 -p virtualenv_name=antenv --log-file /tmp/build-debug.log  -i /tmp/8de134885d971bd --compress-destination-dir | tee /tmp/oryx-build.log ; exit $PIPESTATUS &quot;" /><!-- duration: 62964ms -->
              <step title="Using PythonDeploymentLogParser" date="2025-10-24T21:59:58.026" /><!-- duration: 8ms -->
              <step title="Modified file to trigger a restart of the app container." date="2025-10-24T21:59:59.440" /><!-- duration: 3ms -->
              <step title="Skip function trigger and logicapp sync because function is not enabled." date="2025-10-24T21:59:59.448" /><!-- duration: 12ms -->
            </step><!-- duration: 66317ms -->
          </step><!-- duration: 66442ms -->
          <step title="Cleaning up temp files" date="2025-10-24T22:00:00.361" /><!-- duration: 1818ms -->
          <step title="Cleaning up temp files" date="2025-10-24T22:00:02.190" /><!-- duration: 513ms -->
          <step title="Reloading status file with latest updates" date="2025-10-24T22:00:02.789" >
            <step title="WebHooksManager.PublishEventAsync: PostDeployment" date="2025-10-24T22:00:02.801" /><!-- duration: 96ms -->
          </step><!-- duration: 116ms -->
          <step title="Cleaning up temporary deployment - fetch deployment was successful" date="2025-10-24T22:00:02.924" /><!-- duration: 2ms -->
        </step><!-- duration: 69289ms -->
      </step><!-- duration: 70985ms -->
