<step title="BackgroundTrace" date="2025-10-24T22:00:35.454" instance="ee0035" url="/api/zipdeploy" method="POST" >
  <step title="Cleanup Xml Logs" date="2025-10-24T22:00:35.464" /><!-- duration: 11ms -->
  <step title="Creating temporary deployment - FetchDeploymentManager" date="2025-10-24T22:00:35.525" /><!-- duration: 2ms -->
  <step title="Creating temporary deployment" date="2025-10-24T22:00:35.530" /><!-- duration: 34ms -->
  <step title="Performing fetch based deployment" date="2025-10-24T22:00:35.607" >
    <step title="Cleaning up temp folders from previous zip deployments and extracting pushed zip file /tmp/zipdeploy/2dee7954-8070-41a6-b6db-66ced6d7448f.zip (89.07 MB) to /tmp/zipdeploy/extracted" date="2025-10-24T22:00:36.785" >
      <step title="ChmodRecursive Process exited with total time taken in ms: 86" date="2025-10-24T22:00:39.109" /><!-- duration: 17ms -->
    </step><!-- duration: 2345ms -->
    <step title="Deployment timer started" date="2025-10-24T22:00:41.156" >
      <step title="DeploymentManager.Deploy(id:0065fc64-ad80-4c26-afc3-c9e770af0a32)" date="2025-10-24T22:00:41.161" >
        <step title="Collecting changeset information" date="2025-10-24T22:00:41.193" /><!-- duration: 115ms -->
        <step title="Updating submodules" date="2025-10-24T22:00:41.312" /><!-- duration: 1152ms -->
        <step title="Determining deployment builder" date="2025-10-24T22:00:42.681" >
          <step title="Builder is OryxBuilder" date="2025-10-24T22:00:42.694" /><!-- duration: 8ms -->
        </step><!-- duration: 32ms -->
        <step title="PreDeployment: context.CleanOutputPath False" date="2025-10-24T22:00:42.778" >
          <step title="PreDeployment: context.OutputPath /home/site/wwwroot" date="2025-10-24T22:00:42.895" >
            <step title="Building" date="2025-10-24T22:00:43.049" >
              <step title="Executing external process" date="2025-10-24T22:00:43.913" type="process" path="bash" arguments="-c &quot;oryx build /tmp/zipdeploy/extracted -o /home/site/wwwroot --platform python --platform-version 3.11 -p virtualenv_name=antenv --log-file /tmp/build-debug.log  -i /tmp/8de1348c6ce078d --compress-destination-dir | tee /tmp/oryx-build.log ; exit $PIPESTATUS &quot;" /><!-- duration: 54502ms -->
              <step title="Using PythonDeploymentLogParser" date="2025-10-24T22:01:38.791" /><!-- duration: 6ms -->
              <step title="Triggering recycle (preview mode disabled)." date="2025-10-24T22:01:39.997" /><!-- duration: 22ms -->
              <step title="Modified file to trigger a restart of the app container." date="2025-10-24T22:01:40.075" /><!-- duration: 17ms -->
              <step title="Skip function trigger and logicapp sync because function is not enabled." date="2025-10-24T22:01:40.103" /><!-- duration: 21ms -->
            </step><!-- duration: 58365ms -->
          </step><!-- duration: 58532ms -->
          <step title="Cleaning up temp files" date="2025-10-24T22:01:41.435" /><!-- duration: 2139ms -->
          <step title="Cleaning up temp files" date="2025-10-24T22:01:43.615" /><!-- duration: 518ms -->
          <step title="Reloading status file with latest updates" date="2025-10-24T22:01:44.166" >
            <step title="WebHooksManager.PublishEventAsync: PostDeployment" date="2025-10-24T22:01:44.171" /><!-- duration: 33ms -->
          </step><!-- duration: 40ms -->
          <step title="Cleaning up temporary deployment - fetch deployment was successful" date="2025-10-24T22:01:44.209" /><!-- duration: 2ms -->
        </step><!-- duration: 61486ms -->
      </step><!-- duration: 63121ms -->
