<step title="Incoming Request" date="2025-10-26T17:32:04.902" instance="ee0035" url="/api/zipdeploy?isAsync=true" method="POST" type="request" pid="767,1,38" Accept="*/*" Host="profilepicapp-classifier-c2p7wl.scm.azurewebsites.net" User-Agent="AZURECLI/2.77.0 (MSI)" Accept-Encoding="gzip, deflate" Authorization="Bas..." Cache-Control="no-cache" Content-Type="application/octet-stream" Content-Length="93398661" x-ms-client-request-id="ad25c204-b291-11f0-a6ff-7cb566a8793c" x-ms-artifact-checksum="1a91af5cfb7f463190ac85224e2163b0526310e019efee3ad738634fe2dbafe8" X-ARR-LOG-ID="ad25c204-b291-11f0-a6ff-7cb566a8793c" CLIENT-IP="54.215.219.28:64383" X-SITE-DEPLOYMENT-ID="profilepicapp-classifier-c2p7wl" WAS-DEFAULT-HOSTNAME="profilepicapp-classifier-c2p7wl.scm.azurewebsites.net" X-Forwarded-Proto="https" X-AppService-Proto="https" X-Forwarded-TlsVersion="1.3" X-WAWS-Unencoded-URL="/api/zipdeploy?isAsync=true" X-Client-IP="54.215.219.28" X-Client-Port="64383" >
  <step title="Cleanup Xml Logs" date="2025-10-26T17:32:05.056" /><!-- duration: 190ms -->
  <step title="ZipPushDeploy" date="2025-10-26T17:32:05.421" >
    <step title="ZipDeploy. Extract zip. Remote build." date="2025-10-26T17:32:05.443" /><!-- duration: 3ms -->
    <step title="Starting PushDeployAsync" date="2025-10-26T17:32:05.456" /><!-- duration: 3ms -->
    <step title="Writing artifact to /tmp/zipdeploy/77df23f7-661f-425d-9814-105d6a786fd1.zip" date="2025-10-26T17:32:05.519" >
      <step title="Writing multipart request body to /tmp/zipdeploy/77df23f7-661f-425d-9814-105d6a786fd1.zip" date="2025-10-26T17:32:05.530" /><!-- duration: 11ms -->
    </step><!-- duration: 4878ms -->
    <step title="Removing previous build artifact&apos;s manifest file" date="2025-10-26T17:32:10.408" >
      <step title="Start deployment in the background" date="2025-10-26T17:32:10.454" >
        <step title="Acquiring Deployment Lock" date="2025-10-26T17:32:10.509" /><!-- duration: 11ms -->
        <step title="Acquired Deployment Lock" date="2025-10-26T17:32:10.563" /><!-- duration: 3ms -->
      </step><!-- duration: 246ms -->
    </step><!-- duration: 319ms -->
    <step title="Outgoing response" date="2025-10-26T17:32:10.753" type="response" statusCode="202" statusText="Accepted" /><!-- duration: 4ms -->
  </step><!-- duration: 5338ms -->
