<step title="Incoming Request" date="2025-10-24T22:00:31.613" instance="ee0035" url="/api/zipdeploy?isAsync=true" method="POST" type="request" pid="767,1,26" Accept="*/*" Host="profilepicapp-classifier-c2p7wl.scm.azurewebsites.net" User-Agent="AZURECLI/2.77.0 (MSI)" Accept-Encoding="gzip, deflate" Authorization="Bas..." Cache-Control="no-cache" Content-Type="application/octet-stream" Content-Length="93398661" x-ms-client-request-id="d9dbafc0-b124-11f0-9946-7cb566a8793c" x-ms-artifact-checksum="1a91af5cfb7f463190ac85224e2163b0526310e019efee3ad738634fe2dbafe8" X-ARR-LOG-ID="d9dbafc0-b124-11f0-9946-7cb566a8793c" CLIENT-IP="13.57.255.252:64494" X-SITE-DEPLOYMENT-ID="profilepicapp-classifier-c2p7wl" WAS-DEFAULT-HOSTNAME="profilepicapp-classifier-c2p7wl.scm.azurewebsites.net" X-Forwarded-Proto="https" X-AppService-Proto="https" X-Forwarded-TlsVersion="1.3" X-WAWS-Unencoded-URL="/api/zipdeploy?isAsync=true" X-Client-IP="13.57.255.252" X-Client-Port="64494" >
  <step title="Cleanup Xml Logs" date="2025-10-24T22:00:31.616" /><!-- duration: 4ms -->
  <step title="ZipPushDeploy" date="2025-10-24T22:00:31.666" >
    <step title="ZipDeploy. Extract zip. Remote build." date="2025-10-24T22:00:31.671" /><!-- duration: 2ms -->
    <step title="Starting PushDeployAsync" date="2025-10-24T22:00:31.677" /><!-- duration: 2ms -->
    <step title="Writing artifact to /tmp/zipdeploy/2dee7954-8070-41a6-b6db-66ced6d7448f.zip" date="2025-10-24T22:00:31.695" >
      <step title="Writing multipart request body to /tmp/zipdeploy/2dee7954-8070-41a6-b6db-66ced6d7448f.zip" date="2025-10-24T22:00:31.698" /><!-- duration: 6ms -->
    </step><!-- duration: 3721ms -->
    <step title="Removing previous build artifact&apos;s manifest file" date="2025-10-24T22:00:35.429" >
      <step title="Start deployment in the background" date="2025-10-24T22:00:35.447" >
        <step title="Acquiring Deployment Lock" date="2025-10-24T22:00:35.483" /><!-- duration: 5ms -->
        <step title="Acquired Deployment Lock" date="2025-10-24T22:00:35.520" /><!-- duration: 2ms -->
      </step><!-- duration: 120ms -->
    </step><!-- duration: 143ms -->
    <step title="Outgoing response" date="2025-10-24T22:00:35.578" type="response" statusCode="202" statusText="Accepted" /><!-- duration: 2ms -->
  </step><!-- duration: 3919ms -->
