<step title="Incoming Request" date="2025-10-24T20:40:28.746" instance="ee0035" url="/api/zipdeploy?isAsync=true" method="POST" type="request" pid="770,1,5" Accept="*/*" Host="profilepicapp-classifier-c2p7wl.scm.azurewebsites.net" User-Agent="AZURECLI/2.77.0 (MSI)" Accept-Encoding="gzip, deflate" Authorization="Bas..." Cache-Control="no-cache" Content-Type="application/octet-stream" Content-Length="93398664" x-ms-client-request-id="966e12cd-b119-11f0-a494-7cb566a8793c" x-ms-artifact-checksum="0d6874e257dac2844c3b4c6e16a088cba58efacf3522d5121098c0a191a644d9" X-ARR-LOG-ID="966e12cd-b119-11f0-a494-7cb566a8793c" CLIENT-IP="13.57.255.252:54370" X-SITE-DEPLOYMENT-ID="profilepicapp-classifier-c2p7wl" WAS-DEFAULT-HOSTNAME="profilepicapp-classifier-c2p7wl.scm.azurewebsites.net" X-Forwarded-Proto="https" X-AppService-Proto="https" X-Forwarded-TlsVersion="1.3" X-WAWS-Unencoded-URL="/api/zipdeploy?isAsync=true" X-Client-IP="13.57.255.252" X-Client-Port="54370" >
  <step title="ZipPushDeploy" date="2025-10-24T20:40:29.701" >
    <step title="ZipDeploy. Extract zip. Remote build." date="2025-10-24T20:40:29.708" /><!-- duration: 5ms -->
    <step title="None repository commit" date="2025-10-24T20:40:29.720" >
      <step title="Commit id: cc65c5dc-3fa3-4952-bdbd-675d881c29ec" date="2025-10-24T20:40:29.722" Message="N/A" AuthorName="N/A" AuthorEmail="N/A" /><!-- duration: 2ms -->
    </step><!-- duration: 7ms -->
    <step title="Starting PushDeployAsync" date="2025-10-24T20:40:29.729" /><!-- duration: 2ms -->
    <step title="Writing artifact to /tmp/zipdeploy/2ba15389-82e4-4b67-b488-ee3a4b43bffd.zip" date="2025-10-24T20:40:29.743" >
      <step title="Writing multipart request body to /tmp/zipdeploy/2ba15389-82e4-4b67-b488-ee3a4b43bffd.zip" date="2025-10-24T20:40:29.748" /><!-- duration: 3ms -->
    </step><!-- duration: 4630ms -->
    <step title="Start deployment in the background" date="2025-10-24T20:40:34.388" >
      <step title="Acquiring Deployment Lock" date="2025-10-24T20:40:34.436" /><!-- duration: 3ms -->
      <step title="Acquired Deployment Lock" date="2025-10-24T20:40:34.474" /><!-- duration: 3ms -->
    </step><!-- duration: 150ms -->
  </step><!-- duration: 4843ms -->
  <step title="Outgoing response" date="2025-10-24T20:40:34.573" type="response" statusCode="202" statusText="Accepted" /><!-- duration: 2ms -->
</step><!-- duration: 5835ms -->
