<step title="BackgroundTrace" date="2025-10-24T20:40:34.393" instance="ee0035" url="/api/zipdeploy" method="POST" >
  <step title="Cleanup Xml Logs" date="2025-10-24T20:40:34.405" /><!-- duration: 4ms -->
  <step title="Creating temporary deployment - FetchDeploymentManager" date="2025-10-24T20:40:34.479" /><!-- duration: 3ms -->
  <step title="Creating temporary deployment" date="2025-10-24T20:40:34.485" /><!-- duration: 49ms -->
  <step title="Performing fetch based deployment" date="2025-10-24T20:40:34.610" >
    <step title="Cleaning up temp folders from previous zip deployments and extracting pushed zip file /tmp/zipdeploy/2ba15389-82e4-4b67-b488-ee3a4b43bffd.zip (89.07 MB) to /tmp/zipdeploy/extracted" date="2025-10-24T20:40:35.822" >
      <step title="ChmodRecursive Process exited with total time taken in ms: 186" date="2025-10-24T20:40:39.442" /><!-- duration: 2ms -->
    </step><!-- duration: 3631ms -->
    <step title="Deployment timer started" date="2025-10-24T20:40:41.487" >
      <step title="DeploymentManager.Deploy(id:cc65c5dc-3fa3-4952-bdbd-675d881c29ec)" date="2025-10-24T20:40:41.500" >
        <step title="Collecting changeset information" date="2025-10-24T20:40:41.511" /><!-- duration: 91ms -->
        <step title="Updating submodules" date="2025-10-24T20:40:41.606" /><!-- duration: 1122ms -->
        <step title="Determining deployment builder" date="2025-10-24T20:40:43.246" >
          <step title="Builder is OryxBuilder" date="2025-10-24T20:40:43.254" /><!-- duration: 3ms -->
        </step><!-- duration: 14ms -->
        <step title="PreDeployment: context.CleanOutputPath False" date="2025-10-24T20:40:43.303" >
          <step title="PreDeployment: context.OutputPath /home/site/wwwroot" date="2025-10-24T20:40:43.410" >
            <step title="Building" date="2025-10-24T20:40:43.580" >
              <step title="Executing external process" date="2025-10-24T20:40:43.854" type="process" path="bash" arguments="-c &quot;oryx build /tmp/zipdeploy/extracted -o /home/site/wwwroot --platform python --platform-version 3.11 -p virtualenv_name=antenv --log-file /tmp/build-debug.log  -i /tmp/8de133d9a1baed8 --compress-destination-dir | tee /tmp/oryx-build.log ; exit $PIPESTATUS &quot;" /><!-- duration: 136809ms -->
              <step title="Using PythonDeploymentLogParser" date="2025-10-24T20:43:01.328" /><!-- duration: 10ms -->
              <step title="Triggering recycle (preview mode disabled)." date="2025-10-24T20:43:02.725" /><!-- duration: 9ms -->
              <step title="Modified file to trigger a restart of the app container." date="2025-10-24T20:43:02.840" /><!-- duration: 2ms -->
              <step title="Skip function trigger and logicapp sync because function is not enabled." date="2025-10-24T20:43:02.872" /><!-- duration: 2ms -->
            </step><!-- duration: 139982ms -->
          </step><!-- duration: 140154ms -->
          <step title="Cleaning up temp files" date="2025-10-24T20:43:03.566" /><!-- duration: 1920ms -->
          <step title="Cleaning up temp files" date="2025-10-24T20:43:05.496" /><!-- duration: 507ms -->
          <step title="Reloading status file with latest updates" date="2025-10-24T20:43:06.045" >
            <step title="WebHooksManager.PublishEventAsync: PostDeployment" date="2025-10-24T20:43:06.048" /><!-- duration: 164ms -->
          </step><!-- duration: 169ms -->
          <step title="Cleaning up temporary deployment - fetch deployment was successful" date="2025-10-24T20:43:06.227" /><!-- duration: 2ms -->
        </step><!-- duration: 142965ms -->
      </step><!-- duration: 144783ms -->
