﻿<?xml version="1.0" encoding="utf-8"?>
<deployment>
  <id>ce2d1ba9-3e79-4e95-95ce-76cfc0ee7f25</id>
  <author>N/A</author>
  <deployer>Push-Deployer</deployer>
  <authorEmail>N/A</authorEmail>
  <message>Created via a push deployment</message>
  <progress></progress>
  <status>Success</status>
  <statusText></statusText>
  <lastSuccessEndTime>2025-10-24T18:28:56.4844534Z</lastSuccessEndTime>
  <receivedTime>2025-10-24T18:28:33.5251618Z</receivedTime>
  <startTime>2025-10-24T18:28:34.9606281Z</startTime>
  <endTime>2025-10-24T18:28:56.4844534Z</endTime>
  <complete>True</complete>
  <is_temp>False</is_temp>
  <is_readonly>True</is_readonly>
  <buildSummary />
</deployment>