﻿<?xml version="1.0" encoding="utf-8"?>
<deployment>
  <id>534ede7a-4b2c-431c-9e3b-c09853165c97</id>
  <author>N/A</author>
  <deployer>Push-Deployer</deployer>
  <authorEmail>N/A</authorEmail>
  <message>Created via a push deployment</message>
  <progress></progress>
  <status>Failed</status>
  <statusText></statusText>
  <lastSuccessEndTime />
  <receivedTime>2025-10-26T17:49:22.7159645Z</receivedTime>
  <startTime>2025-10-26T17:49:24.4805076Z</startTime>
  <endTime>2025-10-26T17:50:10.8020941Z</endTime>
  <complete>True</complete>
  <is_temp>False</is_temp>
  <is_readonly>True</is_readonly>
  <buildSummary>
    <error>
      <message>[17:49:49+0000] Collecting flask==3.1.0 (from -r requirements.txt (line 1))
[17:49:49+0000]   Using cached flask-3.1.0-py3-none-any.whl.metadata (2.7 kB)
[17:49:49+0000] Collecting flask-cors==5.0.0 (from -r requirements.txt (line 2))
[17:49:49+0000]   Using cached Flask_Cors-5.0.0-py2.py3-none-any.whl.metadata (5.5 kB)
[17:49:50+0000] Collecting tensorflow==2.18.0 (from -r requirements.txt (line 3))
[17:49:50+0000]   Using cached tensorflow-2.18.0-cp311-cp311-manylinux_2_17_x86_64.manylinux2014_x86_64.whl.metadata (4.1 kB)
[17:49:50+0000] Collecting pillow==11.0.0 (from -r requirements.txt (line 4))
[17:49:50+0000]   Using cached pillow-11.0.0-cp311-cp311-manylinux_2_28_x86_64.whl.metadata (9.1 kB)
[17:49:51+0000] Collecting numpy==2.1.3 (from -r requirements.txt (line 5))
[17:49:51+0000]   Using cached numpy-2.1.3-cp311-cp311-manylinux_2_17_x86_64.manylinux2014_x86_64.whl.metadata (62 kB)
[17:49:52+0000] Collecting requests==2.32.3 (from -r requirements.txt (line 6))
[17:49:52+0000]   Using cached requests-2.32.3-py3-none-any.whl.metadata (4.6 kB)
[17:49:52+0000] Collecting gunicorn==23.0.0 (from -r requirements.txt (line 7))
[17:49:52+0000]   Using cached gunicorn-23.0.0-py3-none-any.whl.metadata (4.4 kB)
[17:49:52+0000] Collecting Werkzeug&gt;=3.1 (from flask==3.1.0-&gt;-r requirements.txt (line 1))
[17:49:52+0000]   Using cached werkzeug-3.1.3-py3-none-any.whl.metadata (3.7 kB)
[17:49:52+0000] Collecting Jinja2&gt;=3.1.2 (from flask==3.1.0-&gt;-r requirements.txt (line 1))
[17:49:52+0000]   Using cached jinja2-3.1.6-py3-none-any.whl.metadata (2.9 kB)
[17:49:52+0000] Collecting itsdangerous&gt;=2.2 (from flask==3.1.0-&gt;-r requirements.txt (line 1))
[17:49:52+0000]   Using cached itsdangerous-2.2.0-py3-none-any.whl.metadata (1.9 kB)
[17:49:52+0000] Collecting click&gt;=8.1.3 (from flask==3.1.0-&gt;-r requirements.txt (line 1))
[17:49:52+0000]   Using cached click-8.3.0-py3-none-any.whl.metadata (2.6 kB)
[17:49:52+0000] Collecting blinker&gt;=1.9 (from flask==3.1.0-&gt;-r requirements.txt (line 1))
[17:49:52+0000]   Using cached blinker-1.9.0-py3-none-any.whl.metadata (1.6 kB)
[17:49:52+0000] Collecting absl-py&gt;=1.0.0 (from tensorflow==2.18.0-&gt;-r requirements.txt (line 3))
[17:49:52+0000]   Using cached absl_py-2.3.1-py3-none-any.whl.metadata (3.3 kB)
[17:49:52+0000] Collecting astunparse&gt;=1.6.0 (from tensorflow==2.18.0-&gt;-r requirements.txt (line 3))
[17:49:52+0000]   Using cached astunparse-1.6.3-py2.py3-none-any.whl.metadata (4.4 kB)
[17:49:53+0000] Collecting flatbuffers&gt;=24.3.25 (from tensorflow==2.18.0-&gt;-r requirements.txt (line 3))
[17:49:53+0000]   Using cached flatbuffers-25.9.23-py2.py3-none-any.whl.metadata (875 bytes)
[17:49:53+0000] Collecting gast!=0.5.0,!=0.5.1,!=0.5.2,&gt;=0.2.1 (from tensorflow==2.18.0-&gt;-r requirements.txt (line 3))
[17:49:53+0000]   Using cached gast-0.6.0-py3-none-any.whl.metadata (1.3 kB)
[17:49:53+0000] Collecting google-pasta&gt;=0.1.1 (from tensorflow==2.18.0-&gt;-r requirements.txt (line 3))
[17:49:53+0000]   Using cached google_pasta-0.2.0-py3-none-any.whl.metadata (814 bytes)
[17:49:53+0000] Collecting libclang&gt;=13.0.0 (from tensorflow==2.18.0-&gt;-r requirements.txt (line 3))
[17:49:53+0000]   Using cached libclang-18.1.1-py2.py3-none-manylinux2010_x86_64.whl.metadata (5.2 kB)
[17:49:53+0000] Collecting opt-einsum&gt;=2.3.2 (from tensorflow==2.18.0-&gt;-r requirements.txt (line 3))
[17:49:53+0000]   Using cached opt_einsum-3.4.0-py3-none-any.whl.metadata (6.3 kB)
[17:49:53+0000] Collecting packaging (from tensorflow==2.18.0-&gt;-r requirements.txt (line 3))
[17:49:53+0000]   Using cached packaging-25.0-py3-none-any.whl.metadata (3.3 kB)
[17:49:54+0000] Collecting protobuf!=4.21.0,!=4.21.1,!=4.21.2,!=4.21.3,!=4.21.4,!=4.21.5,&lt;6.0.0dev,&gt;=3.20.3 (from tensorflow==2.18.0-&gt;-r requirements.txt (line 3))
[17:49:54+0000]   Using cached protobuf-5.29.5-cp38-abi3-manylinux2014_x86_64.whl.metadata (592 bytes)
[17:49:54+0000] Requirement already satisfied: setuptools in ./antenv/lib/python3.11/site-packages (from tensorflow==2.18.0-&gt;-r requirements.txt (line 3)) (79.0.1)
[17:49:54+0000] Collecting six&gt;=1.12.0 (from tensorflow==2.18.0-&gt;-r requirements.txt (line 3))
[17:49:54+0000]   Using cached six-1.17.0-py2.py3-none-any.whl.metadata (1.7 kB)
[17:49:55+0000] Collecting termcolor&gt;=1.1.0 (from tensorflow==2.18.0-&gt;-r requirements.txt (line 3))
[17:49:55+0000]   Using cached termcolor-3.2.0-py3-none-any.whl.metadata (6.4 kB)
[17:49:55+0000] Collecting typing-extensions&gt;=3.6.6 (from tensorflow==2.18.0-&gt;-r requirements.txt (line 3))
[17:49:55+0000]   Using cached typing_extensions-4.15.0-py3-none-any.whl.metadata (3.3 kB)
[17:49:56+0000] Collecting wrapt&gt;=1.11.0 (from tensorflow==2.18.0-&gt;-r requirements.txt (line 3))
[17:49:56+0000]   Using cached wrapt-2.0.0-cp311-cp311-manylinux1_x86_64.manylinux_2_28_x86_64.manylinux_2_5_x86_64.whl.metadata (8.8 kB)
[17:50:00+0000] Collecting grpcio&lt;2.0,&gt;=1.24.3 (from tensorflow==2.18.0-&gt;-r requirements.txt (line 3))
[17:50:00+0000]   Using cached grpcio-1.76.0-cp311-cp311-manylinux2014_x86_64.manylinux_2_17_x86_64.whl.metadata (3.7 kB)
[17:50:00+0000] Collecting tensorboard&lt;2.19,&gt;=2.18 (from tensorflow==2.18.0-&gt;-r requirements.txt (line 3))
[17:50:00+0000]   Using cached tensorboard-2.18.0-py3-none-any.whl.metadata (1.6 kB)
[17:50:00+0000] Collecting keras&gt;=3.5.0 (from tensorflow==2.18.0-&gt;-r requirements.txt (line 3))
[17:50:00+0000]   Using cached keras-3.11.3-py3-none-any.whl.metadata (5.9 kB)
[17:50:00+0000] INFO: pip is looking at multiple versions of tensorflow to determine which version is compatible with other requirements. This could take a while.
ERROR: Cannot install -r requirements.txt (line 3) and numpy==2.1.3 because these package versions have conflicting dependencies.
[17:50:00+0000] 
[17:50:00+0000] The conflict is caused by:
[17:50:00+0000]     The user requested numpy==2.1.3
[17:50:00+0000]     tensorflow 2.18.0 depends on numpy&lt;2.1.0 and &gt;=1.26.0
[17:50:00+0000] 
[17:50:00+0000] To fix this you could try to:
[17:50:00+0000] 1. loosen the range of package versions you've specified
[17:50:00+0000] 2. remove package versions to allow pip attempt to solve the dependency conflict
[17:50:00+0000] 
ERROR: ResolutionImpossible: for help visit https://pip.pypa.io/en/latest/topics/dependency-resolution/#dealing-with-dependency-conflicts

[notice] A new release of pip is available: 24.0 -&gt; 25.3
[notice] To update, run: pip install --upgrade pip </message>
      <timestamp>2025-10-26 17:50:06</timestamp>
      <exitCode>1</exitCode>
      <recommendation>Please review your requirements.txt</recommendation>
      <urlToGetMoreInformation>https://aka.ms/troubleshoot-python</urlToGetMoreInformation>
    </error>
  </buildSummary>
</deployment>